<?xml version="1.0" encoding="UTF-8"?>
<configuration>
    <property name="APP_NAME" value="dictionary"/>
    <contextName>${APP_NAME}</contextName>

    <appender name="STDOUT" class="ch.qos.logback.core.ConsoleAppender">
        <encoder charset="UTF-8"> <!-- encoder 可以指定字符集，对于中文输出有意义 -->
            <pattern>%d{HH:mm:ss.SSS} [%thread] %-5level %logger - %msg%n
            </pattern>
        </encoder>
    </appender>
    <appender name="stash" class="net.logstash.logback.appender.LogstashTcpSocketAppender">
        <destination>192.168.0.6:9250</destination>
        <!-- encoder is required -->
        <encoder charset="UTF-8" class="net.logstash.logback.encoder.LogstashEncoder"/>
    </appender>

    <appender name="fileInfoLog" class="ch.qos.logback.core.rolling.RollingFileAppender">
        <filter class="ch.qos.logback.classic.filter.LevelFilter">
            <level>ERROR</level>
            <onMatch>DENY</onMatch>
            <onMismatch>ACCEPT</onMismatch>
        </filter>
        <encoder>
            <pattern>
                %d{yyyy-MM-dd HH:mm:ss} [%p][%c]-> %m%n
            </pattern>
        </encoder>
        <!--滚动策略-->
        <rollingPolicy class="ch.qos.logback.core.rolling.TimeBasedRollingPolicy">
            <!--路径-->
            <fileNamePattern>../panguLog/pangu-services/pangu-pm/pangu-pm-service/infoLog/info.%d.log</fileNamePattern>
        </rollingPolicy>
    </appender>

    <appender name="fileErrorLog" class="ch.qos.logback.core.rolling.RollingFileAppender">
        <filter class="ch.qos.logback.classic.filter.ThresholdFilter">
            <level>ERROR</level>
        </filter>
        <encoder>
            <pattern>
                %d{yyyy-MM-dd HH:mm:ss} [%p][%c]-> %m%n
            </pattern>
        </encoder>
        <!--滚动策略-->
        <rollingPolicy class="ch.qos.logback.core.rolling.TimeBasedRollingPolicy">
            <!--路径-->
            <fileNamePattern>../panguLog/pangu-services/pangu-pm/pangu-pm-service/errorLog/error.%d.log</fileNamePattern>
        </rollingPolicy>
    </appender>

<!--    <logger name="com.sy.pangu.pm" level="debug">-->
<!--        <appender-ref ref="STDOUT"/>-->
<!--        <appender-ref ref="stash"/>-->
<!--    </logger>-->
    <root level="info">                    <!-- 设置日志级别 -->
        <appender-ref ref="STDOUT"/>
        <appender-ref ref="stash"/>
        <appender-ref ref="fileInfoLog" />
        <appender-ref ref="fileErrorLog" />
    </root>
</configuration>