<?xml version="1.0" encoding="UTF-8"?>
<!DOCTYPE generatorConfiguration   PUBLIC "-//mybatis.org//DTD MyBatis Generator Configuration 1.0//EN"   "http://mybatis.org/dtd/mybatis-generator-config_1_0.dtd">
<generatorConfiguration>
	<context id="DB2Tables" targetRuntime="MyBatis3">
		<property name="javaFileEncoding" value="UTF-8"/>
		<commentGenerator type="com.sy.pangu.pm.utils.Generator_pm">
			<property name="suppressDate" value="true" />                 
			<!-- 是否去除自动生成的注释 true：是 ： false:否 -->
			<property name="suppressAllComments" value="false" />
		</commentGenerator>

		<!--数据库链接URL，用户名、密码 -->
		<jdbcConnection driverClass="com.mysql.jdbc.Driver"
			connectionURL="jdbc:mysql://192.168.2.202:3306/pangu_pm"
			userId="root" password="mysql">
		</jdbcConnection>

		<javaTypeResolver>
			<property name="forceBigDecimals" value="false" />
		</javaTypeResolver> 		
		<!-- 设置Java类生成的位置 -->
		<javaModelGenerator targetPackage="com.sy.pangu.pm.entity"
		targetProject="D:\pm">
		<!--targetProject=".\src\main\java">-->
			<property name="enableSubPackages" value="true" />
			<property name="trimStrings" value="true" />
		</javaModelGenerator> 				
		<!-- 生成映射文件的包名和位置 xml -->
		<sqlMapGenerator targetPackage="mapper"
				targetProject="D:\pm">
		<!--targetProject=".\src\main\resources">-->
			<property name="enableSubPackages" value="true" />
		</sqlMapGenerator>				
		<!-- 生成DAO/mapper的包名和位置  接口 -->
		<javaClientGenerator type="XMLMAPPER"
			targetPackage="com.sy.pangu.pm.mapper"
				targetProject="D:\pm">
		<!--targetProject=".\src\main\java">-->
			<property name="enableSubPackages" value="true" />
		</javaClientGenerator>
		<!-- 要生成的表 tableName是数据库中的表名或视图名 domainObjectName是实体类名 -->

		<table tableName="pm_task_workload" ></table>

	</context>
</generatorConfiguration>
