<?xml version="1.0" encoding="UTF-8"?>
<!DOCTYPE mapper PUBLIC "-//mybatis.org//DTD Mapper 3.0//EN" "http://mybatis.org/dtd/mybatis-3-mapper.dtd">
<mapper namespace="com.sy.pangu.pm.mapper.PmAutomatchingMapper">
  <resultMap id="BaseResultMap" type="com.sy.pangu.pm.entity.PmAutomatching">
    <id column="id" jdbcType="INTEGER" property="id" />
    <result column="order_lvl" jdbcType="VARCHAR" property="orderLvl" />
    <result column="order_type" jdbcType="VARCHAR" property="orderType" />
    <result column="cus_type" jdbcType="VARCHAR" property="cusType" />
    <result column="word_count" jdbcType="INTEGER" property="wordCount" />
    <result column="use_auto" jdbcType="INTEGER" property="useAuto" />
    <result column="matching_pm" jdbcType="INTEGER" property="matchingPm" />
    <result column="matching_transpm" jdbcType="INTEGER" property="matchingTranspm" />
    <result column="matching_outsaler" jdbcType="INTEGER" property="matchingOutsaler" />
    <result column="default_cat" jdbcType="VARCHAR" property="defaultCat" />
    <result column="higher_count" jdbcType="INTEGER" property="higherCount" />
    <result column="lower_count" jdbcType="INTEGER" property="lowerCount" />
    <result column="remark" jdbcType="VARCHAR" property="remark" />
  </resultMap>
  <sql id="Example_Where_Clause">
    <where>
      <foreach collection="oredCriteria" item="criteria" separator="or">
        <if test="criteria.valid">
          <trim prefix="(" prefixOverrides="and" suffix=")">
            <foreach collection="criteria.criteria" item="criterion">
              <choose>
                <when test="criterion.noValue">
                  and ${criterion.condition}
                </when>
                <when test="criterion.singleValue">
                  and ${criterion.condition} #{criterion.value}
                </when>
                <when test="criterion.betweenValue">
                  and ${criterion.condition} #{criterion.value} and #{criterion.secondValue}
                </when>
                <when test="criterion.listValue">
                  and ${criterion.condition}
                  <foreach close=")" collection="criterion.value" item="listItem" open="(" separator=",">
                    #{listItem}
                  </foreach>
                </when>
              </choose>
            </foreach>
          </trim>
        </if>
      </foreach>
    </where>
  </sql>
  <sql id="Update_By_Example_Where_Clause">
    <where>
      <foreach collection="example.oredCriteria" item="criteria" separator="or">
        <if test="criteria.valid">
          <trim prefix="(" prefixOverrides="and" suffix=")">
            <foreach collection="criteria.criteria" item="criterion">
              <choose>
                <when test="criterion.noValue">
                  and ${criterion.condition}
                </when>
                <when test="criterion.singleValue">
                  and ${criterion.condition} #{criterion.value}
                </when>
                <when test="criterion.betweenValue">
                  and ${criterion.condition} #{criterion.value} and #{criterion.secondValue}
                </when>
                <when test="criterion.listValue">
                  and ${criterion.condition}
                  <foreach close=")" collection="criterion.value" item="listItem" open="(" separator=",">
                    #{listItem}
                  </foreach>
                </when>
              </choose>
            </foreach>
          </trim>
        </if>
      </foreach>
    </where>
  </sql>
  <sql id="Base_Column_List">
    id, order_lvl, order_type, cus_type, word_count, use_auto, matching_pm, matching_transpm, 
    matching_outsaler, default_cat, higher_count, lower_count, remark
  </sql>
  <select id="selectByExample" parameterType="com.sy.pangu.pm.entity.example.PmAutomatchingExample" resultMap="BaseResultMap">
    select
    <if test="distinct">
      distinct
    </if>
    <include refid="Base_Column_List" />
    from pm_automatching
    <if test="_parameter != null">
      <include refid="Example_Where_Clause" />
    </if>
    <if test="orderByClause != null">
      order by ${orderByClause}
    </if>
  </select>

  <select id="selectByPrimaryKey" parameterType="java.lang.Integer" resultMap="BaseResultMap">
    select 
    <include refid="Base_Column_List" />
    from pm_automatching
    where id = #{id,jdbcType=INTEGER}
  </select>
  <delete id="deleteByPrimaryKey" parameterType="java.lang.Integer">
    delete from pm_automatching
    where id = #{id,jdbcType=INTEGER}
  </delete>
  <delete id="deleteByExample" parameterType="com.sy.pangu.pm.entity.example.PmAutomatchingExample">
    delete from pm_automatching
    <if test="_parameter != null">
      <include refid="Example_Where_Clause" />
    </if>
  </delete>
  <insert id="insert" parameterType="com.sy.pangu.pm.entity.PmAutomatching">
    insert into pm_automatching (id, order_lvl, order_type, 
      cus_type, word_count, use_auto, 
      matching_pm, matching_transpm, matching_outsaler, 
      default_cat, higher_count, lower_count, 
      remark)
    values (#{id,jdbcType=INTEGER}, #{orderLvl,jdbcType=VARCHAR}, #{orderType,jdbcType=VARCHAR}, 
      #{cusType,jdbcType=VARCHAR}, #{wordCount,jdbcType=INTEGER}, #{useAuto,jdbcType=INTEGER}, 
      #{matchingPm,jdbcType=INTEGER}, #{matchingTranspm,jdbcType=INTEGER}, #{matchingOutsaler,jdbcType=INTEGER}, 
      #{defaultCat,jdbcType=VARCHAR}, #{higherCount,jdbcType=INTEGER}, #{lowerCount,jdbcType=INTEGER}, 
      #{remark,jdbcType=VARCHAR})
  </insert>
  <insert id="insertSelective" parameterType="com.sy.pangu.pm.entity.PmAutomatching">
    insert into pm_automatching
    <trim prefix="(" suffix=")" suffixOverrides=",">
      <if test="id != null">
        id,
      </if>
      <if test="orderLvl != null">
        order_lvl,
      </if>
      <if test="orderType != null">
        order_type,
      </if>
      <if test="cusType != null">
        cus_type,
      </if>
      <if test="wordCount != null">
        word_count,
      </if>
      <if test="useAuto != null">
        use_auto,
      </if>
      <if test="matchingPm != null">
        matching_pm,
      </if>
      <if test="matchingTranspm != null">
        matching_transpm,
      </if>
      <if test="matchingOutsaler != null">
        matching_outsaler,
      </if>
      <if test="defaultCat != null">
        default_cat,
      </if>
      <if test="higherCount != null">
        higher_count,
      </if>
      <if test="lowerCount != null">
        lower_count,
      </if>
      <if test="remark != null">
        remark,
      </if>
    </trim>
    <trim prefix="values (" suffix=")" suffixOverrides=",">
      <if test="id != null">
        #{id,jdbcType=INTEGER},
      </if>
      <if test="orderLvl != null">
        #{orderLvl,jdbcType=VARCHAR},
      </if>
      <if test="orderType != null">
        #{orderType,jdbcType=VARCHAR},
      </if>
      <if test="cusType != null">
        #{cusType,jdbcType=VARCHAR},
      </if>
      <if test="wordCount != null">
        #{wordCount,jdbcType=INTEGER},
      </if>
      <if test="useAuto != null">
        #{useAuto,jdbcType=INTEGER},
      </if>
      <if test="matchingPm != null">
        #{matchingPm,jdbcType=INTEGER},
      </if>
      <if test="matchingTranspm != null">
        #{matchingTranspm,jdbcType=INTEGER},
      </if>
      <if test="matchingOutsaler != null">
        #{matchingOutsaler,jdbcType=INTEGER},
      </if>
      <if test="defaultCat != null">
        #{defaultCat,jdbcType=VARCHAR},
      </if>
      <if test="higherCount != null">
        #{higherCount,jdbcType=INTEGER},
      </if>
      <if test="lowerCount != null">
        #{lowerCount,jdbcType=INTEGER},
      </if>
      <if test="remark != null">
        #{remark,jdbcType=VARCHAR},
      </if>
    </trim>
  </insert>
  <select id="countByExample" parameterType="com.sy.pangu.pm.entity.example.PmAutomatchingExample" resultType="java.lang.Long">
    select count(*) from pm_automatching
    <if test="_parameter != null">
      <include refid="Example_Where_Clause" />
    </if>
  </select>
  <update id="updateByExampleSelective" parameterType="map">
    update pm_automatching
    <set>
      <if test="record.id != null">
        id = #{record.id,jdbcType=INTEGER},
      </if>
      <if test="record.orderLvl != null">
        order_lvl = #{record.orderLvl,jdbcType=VARCHAR},
      </if>
      <if test="record.orderType != null">
        order_type = #{record.orderType,jdbcType=VARCHAR},
      </if>
      <if test="record.cusType != null">
        cus_type = #{record.cusType,jdbcType=VARCHAR},
      </if>
      <if test="record.wordCount != null">
        word_count = #{record.wordCount,jdbcType=INTEGER},
      </if>
      <if test="record.useAuto != null">
        use_auto = #{record.useAuto,jdbcType=INTEGER},
      </if>
      <if test="record.matchingPm != null">
        matching_pm = #{record.matchingPm,jdbcType=INTEGER},
      </if>
      <if test="record.matchingTranspm != null">
        matching_transpm = #{record.matchingTranspm,jdbcType=INTEGER},
      </if>
      <if test="record.matchingOutsaler != null">
        matching_outsaler = #{record.matchingOutsaler,jdbcType=INTEGER},
      </if>
      <if test="record.defaultCat != null">
        default_cat = #{record.defaultCat,jdbcType=VARCHAR},
      </if>
      <if test="record.higherCount != null">
        higher_count = #{record.higherCount,jdbcType=INTEGER},
      </if>
      <if test="record.lowerCount != null">
        lower_count = #{record.lowerCount,jdbcType=INTEGER},
      </if>
      <if test="record.remark != null">
        remark = #{record.remark,jdbcType=VARCHAR},
      </if>
    </set>
    <if test="_parameter != null">
      <include refid="Update_By_Example_Where_Clause" />
    </if>
  </update>
  <update id="updateByExample" parameterType="map">
    update pm_automatching
    set id = #{record.id,jdbcType=INTEGER},
      order_lvl = #{record.orderLvl,jdbcType=VARCHAR},
      order_type = #{record.orderType,jdbcType=VARCHAR},
      cus_type = #{record.cusType,jdbcType=VARCHAR},
      word_count = #{record.wordCount,jdbcType=INTEGER},
      use_auto = #{record.useAuto,jdbcType=INTEGER},
      matching_pm = #{record.matchingPm,jdbcType=INTEGER},
      matching_transpm = #{record.matchingTranspm,jdbcType=INTEGER},
      matching_outsaler = #{record.matchingOutsaler,jdbcType=INTEGER},
      default_cat = #{record.defaultCat,jdbcType=VARCHAR},
      higher_count = #{record.higherCount,jdbcType=INTEGER},
      lower_count = #{record.lowerCount,jdbcType=INTEGER},
      remark = #{record.remark,jdbcType=VARCHAR}
    <if test="_parameter != null">
      <include refid="Update_By_Example_Where_Clause" />
    </if>
  </update>
  <update id="updateByPrimaryKeySelective" parameterType="com.sy.pangu.pm.entity.PmAutomatching">
    update pm_automatching
    <set>
      <if test="orderLvl != null">
        order_lvl = #{orderLvl,jdbcType=VARCHAR},
      </if>
      <if test="orderType != null">
        order_type = #{orderType,jdbcType=VARCHAR},
      </if>
      <if test="cusType != null">
        cus_type = #{cusType,jdbcType=VARCHAR},
      </if>
      <if test="wordCount != null">
        word_count = #{wordCount,jdbcType=INTEGER},
      </if>
      <if test="useAuto != null">
        use_auto = #{useAuto,jdbcType=INTEGER},
      </if>
      <if test="matchingPm != null">
        matching_pm = #{matchingPm,jdbcType=INTEGER},
      </if>
      <if test="matchingTranspm != null">
        matching_transpm = #{matchingTranspm,jdbcType=INTEGER},
      </if>
      <if test="matchingOutsaler != null">
        matching_outsaler = #{matchingOutsaler,jdbcType=INTEGER},
      </if>
      <if test="defaultCat != null">
        default_cat = #{defaultCat,jdbcType=VARCHAR},
      </if>
      <if test="higherCount != null">
        higher_count = #{higherCount,jdbcType=INTEGER},
      </if>
      <if test="lowerCount != null">
        lower_count = #{lowerCount,jdbcType=INTEGER},
      </if>
      <if test="remark != null">
        remark = #{remark,jdbcType=VARCHAR},
      </if>
    </set>
    where id = #{id,jdbcType=INTEGER}
  </update>
  <update id="updateByPrimaryKey" parameterType="com.sy.pangu.pm.entity.PmAutomatching">
    update pm_automatching
    set order_lvl = #{orderLvl,jdbcType=VARCHAR},
      order_type = #{orderType,jdbcType=VARCHAR},
      cus_type = #{cusType,jdbcType=VARCHAR},
      word_count = #{wordCount,jdbcType=INTEGER},
      use_auto = #{useAuto,jdbcType=INTEGER},
      matching_pm = #{matchingPm,jdbcType=INTEGER},
      matching_transpm = #{matchingTranspm,jdbcType=INTEGER},
      matching_outsaler = #{matchingOutsaler,jdbcType=INTEGER},
      default_cat = #{defaultCat,jdbcType=VARCHAR},
      higher_count = #{higherCount,jdbcType=INTEGER},
      lower_count = #{lowerCount,jdbcType=INTEGER},
      remark = #{remark,jdbcType=VARCHAR}
    where id = #{id,jdbcType=INTEGER}
  </update>
  <resultMap id="ruleMatchParams" type="com.sy.pangu.pm.entity.vo.AutoRuleVo">
    <result column="order_lvl" jdbcType="VARCHAR" property="orderLvl" />
    <result column="order_type" jdbcType="VARCHAR" property="orderType" />
    <result column="cus_type" jdbcType="VARCHAR" property="cusType" />
    <collection property="automatchingList" ofType="com.sy.pangu.pm.entity.vo.DistributeQueryParam">
      <result column="use_auto" jdbcType="INTEGER" property="useAuto" />
      <result column="matching_pm" jdbcType="INTEGER" property="matchingPm" />
      <result column="matching_transpm" jdbcType="INTEGER" property="matchingTranspm" />
      <result column="matching_outsaler" jdbcType="INTEGER" property="matchingOutsaler" />
      <result column="default_cat" jdbcType="VARCHAR" property="defaultCat" />
      <result column="higher_count" jdbcType="INTEGER" property="higherCount" />
      <result column="lower_count" jdbcType="INTEGER" property="lowerCount" />
      <result column="remark" jdbcType="VARCHAR" property="remark" />
      <result column="id" jdbcType="INTEGER" property="id" />
    </collection>
  </resultMap>
  <select id="ruleMatchList" resultMap="ruleMatchParams">
    select * from pm_automatching
  </select>
</mapper>