<?xml version="1.0" encoding="UTF-8"?>
<!DOCTYPE mapper PUBLIC "-//mybatis.org//DTD Mapper 3.0//EN" "http://mybatis.org/dtd/mybatis-3-mapper.dtd">
<mapper namespace="com.sy.pangu.pm.mapper.PmBlockInfoMapper">
  <resultMap id="BaseResultMap" type="com.sy.pangu.pm.entity.PmBlockInfo">
    <id column="id" jdbcType="INTEGER" property="id" />
    <result column="projects_id" jdbcType="VARCHAR" property="projectsId" />
    <result column="file_id" jdbcType="VARCHAR" property="fileId" />
    <result column="task_id" jdbcType="VARCHAR" property="taskId" />
    <result column="task_package_id" jdbcType="VARCHAR" property="taskPackageId" />
    <result column="duplicate_num" jdbcType="INTEGER" property="duplicateNum" />
    <result column="is_delete" jdbcType="INTEGER" property="isDelete" />
    <result column="block_increase_id" jdbcType="INTEGER" property="blockIncreaseId" />
  </resultMap>
  <sql id="Example_Where_Clause">
    <where>
      <foreach collection="oredCriteria" item="criteria" separator="or">
        <if test="criteria.valid">
          <trim prefix="(" prefixOverrides="and" suffix=")">
            <foreach collection="criteria.criteria" item="criterion">
              <choose>
                <when test="criterion.noValue">
                  and ${criterion.condition}
                </when>
                <when test="criterion.singleValue">
                  and ${criterion.condition} #{criterion.value}
                </when>
                <when test="criterion.betweenValue">
                  and ${criterion.condition} #{criterion.value} and #{criterion.secondValue}
                </when>
                <when test="criterion.listValue">
                  and ${criterion.condition}
                  <foreach close=")" collection="criterion.value" item="listItem" open="(" separator=",">
                    #{listItem}
                  </foreach>
                </when>
              </choose>
            </foreach>
          </trim>
        </if>
      </foreach>
    </where>
  </sql>
  <sql id="Update_By_Example_Where_Clause">
    <where>
      <foreach collection="example.oredCriteria" item="criteria" separator="or">
        <if test="criteria.valid">
          <trim prefix="(" prefixOverrides="and" suffix=")">
            <foreach collection="criteria.criteria" item="criterion">
              <choose>
                <when test="criterion.noValue">
                  and ${criterion.condition}
                </when>
                <when test="criterion.singleValue">
                  and ${criterion.condition} #{criterion.value}
                </when>
                <when test="criterion.betweenValue">
                  and ${criterion.condition} #{criterion.value} and #{criterion.secondValue}
                </when>
                <when test="criterion.listValue">
                  and ${criterion.condition}
                  <foreach close=")" collection="criterion.value" item="listItem" open="(" separator=",">
                    #{listItem}
                  </foreach>
                </when>
              </choose>
            </foreach>
          </trim>
        </if>
      </foreach>
    </where>
  </sql>
  <sql id="Base_Column_List">
    id, projects_id, file_id, task_id, task_package_id, duplicate_num, is_delete, block_increase_id
  </sql>
  <select id="selectByExample" parameterType="com.sy.pangu.pm.entity.example.PmBlockInfoExample" resultMap="BaseResultMap">
    select
    <if test="distinct">
      distinct
    </if>
    <include refid="Base_Column_List" />
    from pm_block_info
    <if test="_parameter != null">
      <include refid="Example_Where_Clause" />
    </if>
    <if test="orderByClause != null">
      order by ${orderByClause}
    </if>
  </select>
  <select id="selectByPrimaryKey" parameterType="java.lang.Integer" resultMap="BaseResultMap">
    select 
    <include refid="Base_Column_List" />
    from pm_block_info
    where id = #{id,jdbcType=INTEGER}
  </select>
  <delete id="deleteByPrimaryKey" parameterType="java.lang.Integer">
    delete from pm_block_info
    where id = #{id,jdbcType=INTEGER}
  </delete>
  <delete id="deleteByExample" parameterType="com.sy.pangu.pm.entity.example.PmBlockInfoExample">
    delete from pm_block_info
    <if test="_parameter != null">
      <include refid="Example_Where_Clause" />
    </if>
  </delete>
  <insert id="insert" parameterType="com.sy.pangu.pm.entity.PmBlockInfo">
    insert into pm_block_info (id, projects_id, file_id, 
      task_id, task_package_id, duplicate_num, 
      is_delete, block_increase_id)
    values (#{id,jdbcType=INTEGER}, #{projectsId,jdbcType=VARCHAR}, #{fileId,jdbcType=INTEGER}, 
      #{taskId,jdbcType=VARCHAR}, #{taskPackageId,jdbcType=VARCHAR}, #{duplicateNum,jdbcType=INTEGER}, 
      #{isDelete,jdbcType=INTEGER}, #{blockIncreaseId,jdbcType=INTEGER})
  </insert>
  <insert id="insertSelective" parameterType="com.sy.pangu.pm.entity.PmBlockInfo">
    insert into pm_block_info
    <trim prefix="(" suffix=")" suffixOverrides=",">
      <if test="id != null">
        id,
      </if>
      <if test="projectsId != null">
        projects_id,
      </if>
      <if test="fileId != null">
        file_id,
      </if>
      <if test="taskId != null">
        task_id,
      </if>
      <if test="taskPackageId != null">
        task_package_id,
      </if>
      <if test="duplicateNum != null">
        duplicate_num,
      </if>
      <if test="isDelete != null">
        is_delete,
      </if>
      <if test="blockIncreaseId != null">
        block_increase_id,
      </if>
    </trim>
    <trim prefix="values (" suffix=")" suffixOverrides=",">
      <if test="id != null">
        #{id,jdbcType=INTEGER},
      </if>
      <if test="projectsId != null">
        #{projectsId,jdbcType=VARCHAR},
      </if>
      <if test="fileId != null">
        #{fileId,jdbcType=INTEGER},
      </if>
      <if test="taskId != null">
        #{taskId,jdbcType=VARCHAR},
      </if>
      <if test="taskPackageId != null">
        #{taskPackageId,jdbcType=VARCHAR},
      </if>
      <if test="duplicateNum != null">
        #{duplicateNum,jdbcType=INTEGER},
      </if>
      <if test="isDelete != null">
        #{isDelete,jdbcType=INTEGER},
      </if>
      <if test="blockIncreaseId != null">
        #{blockIncreaseId,jdbcType=INTEGER},
      </if>
    </trim>
  </insert>
  <select id="countByExample" parameterType="com.sy.pangu.pm.entity.example.PmBlockInfoExample" resultType="java.lang.Long">
    select count(*) from pm_block_info
    <if test="_parameter != null">
      <include refid="Example_Where_Clause" />
    </if>
  </select>
  <update id="updateByExampleSelective" parameterType="map">
    update pm_block_info
    <set>
      <if test="record.id != null">
        id = #{record.id,jdbcType=INTEGER},
      </if>
      <if test="record.projectsId != null">
        projects_id = #{record.projectsId,jdbcType=VARCHAR},
      </if>
      <if test="record.fileId != null">
        file_id = #{record.fileId,jdbcType=INTEGER},
      </if>
      <if test="record.taskId != null">
        task_id = #{record.taskId,jdbcType=VARCHAR},
      </if>
      <if test="record.taskPackageId != null">
        task_package_id = #{record.taskPackageId,jdbcType=VARCHAR},
      </if>
      <if test="record.duplicateNum != null">
        duplicate_num = #{record.duplicateNum,jdbcType=INTEGER},
      </if>
      <if test="record.isDelete != null">
        is_delete = #{record.isDelete,jdbcType=INTEGER},
      </if>
      <if test="record.blockIncreaseId != null">
        block_increase_id = #{record.blockIncreaseId,jdbcType=INTEGER},
      </if>
    </set>
    <if test="_parameter != null">
      <include refid="Update_By_Example_Where_Clause" />
    </if>
  </update>
  <update id="updateByExample" parameterType="map">
    update pm_block_info
    set id = #{record.id,jdbcType=INTEGER},
      projects_id = #{record.projectsId,jdbcType=VARCHAR},
      file_id = #{record.fileId,jdbcType=INTEGER},
      task_id = #{record.taskId,jdbcType=VARCHAR},
      task_package_id = #{record.taskPackageId,jdbcType=VARCHAR},
      duplicate_num = #{record.duplicateNum,jdbcType=INTEGER},
      is_delete = #{record.isDelete,jdbcType=INTEGER},
      block_increase_id = #{record.blockIncreaseId,jdbcType=INTEGER}
    <if test="_parameter != null">
      <include refid="Update_By_Example_Where_Clause" />
    </if>
  </update>
  <update id="updateByPrimaryKeySelective" parameterType="com.sy.pangu.pm.entity.PmBlockInfo">
    update pm_block_info
    <set>
      <if test="projectsId != null">
        projects_id = #{projectsId,jdbcType=VARCHAR},
      </if>
      <if test="fileId != null">
        file_id = #{fileId,jdbcType=INTEGER},
      </if>
      <if test="taskId != null">
        task_id = #{taskId,jdbcType=VARCHAR},
      </if>
      <if test="taskPackageId != null">
        task_package_id = #{taskPackageId,jdbcType=VARCHAR},
      </if>
      <if test="duplicateNum != null">
        duplicate_num = #{duplicateNum,jdbcType=INTEGER},
      </if>
      <if test="isDelete != null">
        is_delete = #{isDelete,jdbcType=INTEGER},
      </if>
      <if test="blockIncreaseId != null">
        block_increase_id = #{blockIncreaseId,jdbcType=INTEGER},
      </if>
    </set>
    where id = #{id,jdbcType=INTEGER}
  </update>
  <update id="updateByPrimaryKey" parameterType="com.sy.pangu.pm.entity.PmBlockInfo">
    update pm_block_info
    set projects_id = #{projectsId,jdbcType=VARCHAR},
      file_id = #{fileId,jdbcType=INTEGER},
      task_id = #{taskId,jdbcType=VARCHAR},
      task_package_id = #{taskPackageId,jdbcType=VARCHAR},
      duplicate_num = #{duplicateNum,jdbcType=INTEGER},
      is_delete = #{isDelete,jdbcType=INTEGER},
      block_increase_id = #{blockIncreaseId,jdbcType=INTEGER}
    where id = #{id,jdbcType=INTEGER}
  </update>
  <select id="ListBolckByPackage" parameterType="java.lang.String" resultMap="BaseResultMap">
    select
     <include refid="Base_Column_List"/>
    from pm_block_info
    where task_package_id in ('${packageIDList}')
    and is_delete = 0
    order by block_increase_id
  </select>
  <select id="ListBolckByPackageAndFid" resultMap="BaseResultMap">
    select
    <include refid="Base_Column_List"/>
    from pm_block_info
    where task_package_id  not in ('${0}')
    and file_id = #{1}  and is_delete!=1
    order by block_increase_id
  </select>
  <select id="getBlockBypackage" parameterType="java.lang.String" resultMap="BaseResultMap">
    select
    <include refid="Base_Column_List"/>
    from pm_block_info
    where task_package_id = #{blockId}
  </select>
  <select id="ListBolckByfileID" parameterType="java.lang.String" resultMap="BaseResultMap">
    select
    <include refid="Base_Column_List"/>
    from pm_block_info
    where file_id = #{fileID} and is_delete = 0
    order by block_increase_id desc
  </select>

  <update id="deleteBolckByPackage" parameterType="java.lang.String" >
     update pm_block_info
     set  is_delete = 1
     where id = task_package_id in ('${packageIDList}')
  </update>
  <update id="updateBolckByPackageid"  >
     update pm_block_info
     set  block_increase_id= #{0}
     where  task_package_id = #{1}
  </update>

</mapper>