<?xml version="1.0" encoding="UTF-8"?>
<!DOCTYPE mapper PUBLIC "-//mybatis.org//DTD Mapper 3.0//EN" "http://mybatis.org/dtd/mybatis-3-mapper.dtd">
<mapper namespace="com.sy.pangu.pm.mapper.PmDefaultFlowMapper">
  <resultMap id="BaseResultMap" type="com.sy.pangu.pm.entity.PmDefaultFlow">
    <id column="id" jdbcType="INTEGER" property="id" />
    <result column="flow" jdbcType="VARCHAR" property="flow" />
    <result column="node_id" jdbcType="INTEGER" property="nodeId" />
    <result column="last_flow" jdbcType="INTEGER" property="lastFlow" />
    <result column="next_flow" jdbcType="INTEGER" property="nextFlow" />
    <result column="order_type" jdbcType="VARCHAR" property="orderType" />
    <result column="order_grade" jdbcType="VARCHAR" property="orderGrade" />
    <result column="default_cat" jdbcType="VARCHAR" property="defaultCat" />
  </resultMap>
  <sql id="Example_Where_Clause">
    <where>
      <foreach collection="oredCriteria" item="criteria" separator="or">
        <if test="criteria.valid">
          <trim prefix="(" prefixOverrides="and" suffix=")">
            <foreach collection="criteria.criteria" item="criterion">
              <choose>
                <when test="criterion.noValue">
                  and ${criterion.condition}
                </when>
                <when test="criterion.singleValue">
                  and ${criterion.condition} #{criterion.value}
                </when>
                <when test="criterion.betweenValue">
                  and ${criterion.condition} #{criterion.value} and #{criterion.secondValue}
                </when>
                <when test="criterion.listValue">
                  and ${criterion.condition}
                  <foreach close=")" collection="criterion.value" item="listItem" open="(" separator=",">
                    #{listItem}
                  </foreach>
                </when>
              </choose>
            </foreach>
          </trim>
        </if>
      </foreach>
    </where>
  </sql>
  <sql id="Update_By_Example_Where_Clause">
    <where>
      <foreach collection="example.oredCriteria" item="criteria" separator="or">
        <if test="criteria.valid">
          <trim prefix="(" prefixOverrides="and" suffix=")">
            <foreach collection="criteria.criteria" item="criterion">
              <choose>
                <when test="criterion.noValue">
                  and ${criterion.condition}
                </when>
                <when test="criterion.singleValue">
                  and ${criterion.condition} #{criterion.value}
                </when>
                <when test="criterion.betweenValue">
                  and ${criterion.condition} #{criterion.value} and #{criterion.secondValue}
                </when>
                <when test="criterion.listValue">
                  and ${criterion.condition}
                  <foreach close=")" collection="criterion.value" item="listItem" open="(" separator=",">
                    #{listItem}
                  </foreach>
                </when>
              </choose>
            </foreach>
          </trim>
        </if>
      </foreach>
    </where>
  </sql>
  <sql id="Base_Column_List">
    id, flow, node_id, last_flow, next_flow, order_type, order_grade, default_cat
  </sql>
  <select id="selectByExample" parameterType="com.sy.pangu.pm.entity.example.PmDefaultFlowExample" resultMap="BaseResultMap">
    select
    <if test="distinct">
      distinct
    </if>
    <include refid="Base_Column_List" />
    from pm_default_flow
    <if test="_parameter != null">
      <include refid="Example_Where_Clause" />
    </if>
    <if test="orderByClause != null">
      order by ${orderByClause}
    </if>
  </select>
  <select id="selectByPrimaryKey" parameterType="java.lang.Integer" resultMap="BaseResultMap">
    select 
    <include refid="Base_Column_List" />
    from pm_default_flow
    where id = #{id,jdbcType=INTEGER}
  </select>
  <delete id="deleteByPrimaryKey" parameterType="java.lang.Integer">
    delete from pm_default_flow
    where id = #{id,jdbcType=INTEGER}
  </delete>
  <delete id="deleteByExample" parameterType="com.sy.pangu.pm.entity.example.PmDefaultFlowExample">
    delete from pm_default_flow
    <if test="_parameter != null">
      <include refid="Example_Where_Clause" />
    </if>
  </delete>
  <insert id="insert" parameterType="com.sy.pangu.pm.entity.PmDefaultFlow">
    insert into pm_default_flow (id, flow, node_id, 
      last_flow, next_flow, order_type, 
      order_grade, default_cat)
    values (#{id,jdbcType=INTEGER}, #{flow,jdbcType=VARCHAR}, #{nodeId,jdbcType=INTEGER}, 
      #{lastFlow,jdbcType=INTEGER}, #{nextFlow,jdbcType=INTEGER}, #{orderType,jdbcType=VARCHAR}, 
      #{orderGrade,jdbcType=VARCHAR}, #{defaultCat,jdbcType=VARCHAR})
  </insert>
  <select id="getDistinctId" resultType="java.lang.String">
    select distinct id from pm_default_flow
  </select>
  <insert id="insertSelective" parameterType="com.sy.pangu.pm.entity.PmDefaultFlow">
    insert into pm_default_flow
    <trim prefix="(" suffix=")" suffixOverrides=",">
      <if test="id != null">
        id,
      </if>
      <if test="flow != null">
        flow,
      </if>
      <if test="nodeId != null">
        node_id,
      </if>
      <if test="lastFlow != null">
        last_flow,
      </if>
      <if test="nextFlow != null">
        next_flow,
      </if>
      <if test="orderType != null">
        order_type,
      </if>
      <if test="orderGrade != null">
        order_grade,
      </if>
      <if test="defaultCat != null">
        default_cat,
      </if>
    </trim>
    <trim prefix="values (" suffix=")" suffixOverrides=",">
      <if test="id != null">
        #{id,jdbcType=INTEGER},
      </if>
      <if test="flow != null">
        #{flow,jdbcType=VARCHAR},
      </if>
      <if test="nodeId != null">
        #{nodeId,jdbcType=INTEGER},
      </if>
      <if test="lastFlow != null">
        #{lastFlow,jdbcType=INTEGER},
      </if>
      <if test="nextFlow != null">
        #{nextFlow,jdbcType=INTEGER},
      </if>
      <if test="orderType != null">
        #{orderType,jdbcType=VARCHAR},
      </if>
      <if test="orderGrade != null">
        #{orderGrade,jdbcType=VARCHAR},
      </if>
      <if test="defaultCat != null">
        #{defaultCat,jdbcType=VARCHAR},
      </if>
    </trim>
  </insert>
  <select id="countByExample" parameterType="com.sy.pangu.pm.entity.example.PmDefaultFlowExample" resultType="java.lang.Long">
    select count(*) from pm_default_flow
    <if test="_parameter != null">
      <include refid="Example_Where_Clause" />
    </if>
  </select>
  <update id="updateByExampleSelective" parameterType="map">
    update pm_default_flow
    <set>
      <if test="record.id != null">
        id = #{record.id,jdbcType=INTEGER},
      </if>
      <if test="record.flow != null">
        flow = #{record.flow,jdbcType=VARCHAR},
      </if>
      <if test="record.nodeId != null">
        node_id = #{record.nodeId,jdbcType=INTEGER},
      </if>
      <if test="record.lastFlow != null">
        last_flow = #{record.lastFlow,jdbcType=INTEGER},
      </if>
      <if test="record.nextFlow != null">
        next_flow = #{record.nextFlow,jdbcType=INTEGER},
      </if>
      <if test="record.orderType != null">
        order_type = #{record.orderType,jdbcType=VARCHAR},
      </if>
      <if test="record.orderGrade != null">
        order_grade = #{record.orderGrade,jdbcType=VARCHAR},
      </if>
      <if test="record.defaultCat != null">
        default_cat = #{record.defaultCat,jdbcType=VARCHAR},
      </if>
    </set>
    <if test="_parameter != null">
      <include refid="Update_By_Example_Where_Clause" />
    </if>
  </update>
  <update id="updateByExample" parameterType="map">
    update pm_default_flow
    set id = #{record.id,jdbcType=INTEGER},
      flow = #{record.flow,jdbcType=VARCHAR},
      node_id = #{record.nodeId,jdbcType=INTEGER},
      last_flow = #{record.lastFlow,jdbcType=INTEGER},
      next_flow = #{record.nextFlow,jdbcType=INTEGER},
      order_type = #{record.orderType,jdbcType=VARCHAR},
      order_grade = #{record.orderGrade,jdbcType=VARCHAR},
      default_cat = #{record.defaultCat,jdbcType=VARCHAR}
    <if test="_parameter != null">
      <include refid="Update_By_Example_Where_Clause" />
    </if>
  </update>
  <update id="updateByPrimaryKeySelective" parameterType="com.sy.pangu.pm.entity.PmDefaultFlow">
    update pm_default_flow
    <set>
      <if test="flow != null">
        flow = #{flow,jdbcType=VARCHAR},
      </if>
      <if test="nodeId != null">
        node_id = #{nodeId,jdbcType=INTEGER},
      </if>
      <if test="lastFlow != null">
        last_flow = #{lastFlow,jdbcType=INTEGER},
      </if>
      <if test="nextFlow != null">
        next_flow = #{nextFlow,jdbcType=INTEGER},
      </if>
      <if test="orderType != null">
        order_type = #{orderType,jdbcType=VARCHAR},
      </if>
      <if test="orderGrade != null">
        order_grade = #{orderGrade,jdbcType=VARCHAR},
      </if>
      <if test="defaultCat != null">
        default_cat = #{defaultCat,jdbcType=VARCHAR},
      </if>
    </set>
    where id = #{id,jdbcType=INTEGER}
  </update>
  <update id="updateByPrimaryKey" parameterType="com.sy.pangu.pm.entity.PmDefaultFlow">
    update pm_default_flow
    set flow = #{flow,jdbcType=VARCHAR},
      node_id = #{nodeId,jdbcType=INTEGER},
      last_flow = #{lastFlow,jdbcType=INTEGER},
      next_flow = #{nextFlow,jdbcType=INTEGER},
      order_type = #{orderType,jdbcType=VARCHAR},
      order_grade = #{orderGrade,jdbcType=VARCHAR},
      default_cat = #{defaultCat,jdbcType=VARCHAR}
    where id = #{id,jdbcType=INTEGER}
  </update>
  <insert id="insertBatch" parameterType="java.util.ArrayList">
    insert into pm_default_flow (id, flow, node_id,
      last_flow, next_flow, order_type,
      order_grade, default_cat)
    values 
    <foreach collection="list" item="item" index="index" separator=",">
      (#{item.id,jdbcType=INTEGER}, #{item.flow,jdbcType=VARCHAR}, #{item.nodeId,jdbcType=INTEGER},
      #{item.lastFlow,jdbcType=INTEGER}, #{item.nextFlow,jdbcType=INTEGER}, #{item.orderType,jdbcType=VARCHAR},
      #{item.orderGrade,jdbcType=VARCHAR}, #{item.defaultCat,jdbcType=VARCHAR})
    </foreach>
  </insert>
</mapper>