<?xml version="1.0" encoding="UTF-8"?>
<!DOCTYPE mapper PUBLIC "-//mybatis.org//DTD Mapper 3.0//EN" "http://mybatis.org/dtd/mybatis-3-mapper.dtd">
<mapper namespace="com.sy.pangu.pm.mapper.PmDistributeMapper">
  <resultMap id="BaseResultMap" type="com.sy.pangu.pm.entity.PmDistribute">
    <id column="id" jdbcType="INTEGER" property="id" />
    <result column="flow_id" jdbcType="VARCHAR" property="flowId" />
    <result column="full_staff_lvl" jdbcType="VARCHAR" property="fullStaffLvl" />
    <result column="free_staff_lvl" jdbcType="VARCHAR" property="freeStaffLvl" />
    <result column="time_per" jdbcType="DOUBLE" property="timePer" />
    <result column="notify_time" jdbcType="VARCHAR" property="notifyTime" />
    <result column="node_id" jdbcType="INTEGER" property="nodeId" />
    <result column="last_editor" jdbcType="VARCHAR" property="lastEditor" />
    <result column="last_edit_time" jdbcType="TIMESTAMP" property="lastEditTime" />
  </resultMap>
  <sql id="Example_Where_Clause">
    <where>
      <foreach collection="oredCriteria" item="criteria" separator="or">
        <if test="criteria.valid">
          <trim prefix="(" prefixOverrides="and" suffix=")">
            <foreach collection="criteria.criteria" item="criterion">
              <choose>
                <when test="criterion.noValue">
                  and ${criterion.condition}
                </when>
                <when test="criterion.singleValue">
                  and ${criterion.condition} #{criterion.value}
                </when>
                <when test="criterion.betweenValue">
                  and ${criterion.condition} #{criterion.value} and #{criterion.secondValue}
                </when>
                <when test="criterion.listValue">
                  and ${criterion.condition}
                  <foreach close=")" collection="criterion.value" item="listItem" open="(" separator=",">
                    #{listItem}
                  </foreach>
                </when>
              </choose>
            </foreach>
          </trim>
        </if>
      </foreach>
    </where>
  </sql>
  <sql id="Update_By_Example_Where_Clause">
    <where>
      <foreach collection="example.oredCriteria" item="criteria" separator="or">
        <if test="criteria.valid">
          <trim prefix="(" prefixOverrides="and" suffix=")">
            <foreach collection="criteria.criteria" item="criterion">
              <choose>
                <when test="criterion.noValue">
                  and ${criterion.condition}
                </when>
                <when test="criterion.singleValue">
                  and ${criterion.condition} #{criterion.value}
                </when>
                <when test="criterion.betweenValue">
                  and ${criterion.condition} #{criterion.value} and #{criterion.secondValue}
                </when>
                <when test="criterion.listValue">
                  and ${criterion.condition}
                  <foreach close=")" collection="criterion.value" item="listItem" open="(" separator=",">
                    #{listItem}
                  </foreach>
                </when>
              </choose>
            </foreach>
          </trim>
        </if>
      </foreach>
    </where>
  </sql>
  <sql id="Base_Column_List">
    id, flow_id, full_staff_lvl, free_staff_lvl, time_per, notify_time, node_id, last_editor, 
    last_edit_time
  </sql>
  <select id="selectByExample" parameterType="com.sy.pangu.pm.entity.example.PmDistributeExample" resultMap="BaseResultMap">
    select
    <if test="distinct">
      distinct
    </if>
    <include refid="Base_Column_List" />
    from pm_distribute
    <if test="_parameter != null">
      <include refid="Example_Where_Clause" />
    </if>
    <if test="orderByClause != null">
      order by ${orderByClause}
    </if>
  </select>
  <select id="selectByPrimaryKey" parameterType="java.lang.Integer" resultMap="BaseResultMap">
    select 
    <include refid="Base_Column_List" />
    from pm_distribute
    where id = #{id,jdbcType=INTEGER}
  </select>
  <delete id="deleteByPrimaryKey" parameterType="java.lang.Integer">
    delete from pm_distribute
    where id = #{id,jdbcType=INTEGER}
  </delete>
  <delete id="deleteByExample" parameterType="com.sy.pangu.pm.entity.example.PmDistributeExample">
    delete from pm_distribute
    <if test="_parameter != null">
      <include refid="Example_Where_Clause" />
    </if>
  </delete>
  <insert id="insert" parameterType="com.sy.pangu.pm.entity.PmDistribute">
    insert into pm_distribute (id, flow_id, full_staff_lvl, 
      free_staff_lvl, time_per, notify_time, 
      node_id, last_editor, last_edit_time
      )
    values (#{id,jdbcType=INTEGER}, #{flowId,jdbcType=VARCHAR}, #{fullStaffLvl,jdbcType=VARCHAR}, 
      #{freeStaffLvl,jdbcType=VARCHAR}, #{timePer,jdbcType=DOUBLE}, #{notifyTime,jdbcType=VARCHAR}, 
      #{nodeId,jdbcType=INTEGER}, #{lastEditor,jdbcType=VARCHAR}, #{lastEditTime,jdbcType=TIMESTAMP}
      )
  </insert>
  <insert id="insertSelective" parameterType="com.sy.pangu.pm.entity.PmDistribute">
    insert into pm_distribute
    <trim prefix="(" suffix=")" suffixOverrides=",">
      <if test="id != null">
        id,
      </if>
      <if test="flowId != null">
        flow_id,
      </if>
      <if test="fullStaffLvl != null">
        full_staff_lvl,
      </if>
      <if test="freeStaffLvl != null">
        free_staff_lvl,
      </if>
      <if test="timePer != null">
        time_per,
      </if>
      <if test="notifyTime != null">
        notify_time,
      </if>
      <if test="nodeId != null">
        node_id,
      </if>
      <if test="lastEditor != null">
        last_editor,
      </if>
      <if test="lastEditTime != null">
        last_edit_time,
      </if>
    </trim>
    <trim prefix="values (" suffix=")" suffixOverrides=",">
      <if test="id != null">
        #{id,jdbcType=INTEGER},
      </if>
      <if test="flowId != null">
        #{flowId,jdbcType=VARCHAR},
      </if>
      <if test="fullStaffLvl != null">
        #{fullStaffLvl,jdbcType=VARCHAR},
      </if>
      <if test="freeStaffLvl != null">
        #{freeStaffLvl,jdbcType=VARCHAR},
      </if>
      <if test="timePer != null">
        #{timePer,jdbcType=DOUBLE},
      </if>
      <if test="notifyTime != null">
        #{notifyTime,jdbcType=VARCHAR},
      </if>
      <if test="nodeId != null">
        #{nodeId,jdbcType=INTEGER},
      </if>
      <if test="lastEditor != null">
        #{lastEditor,jdbcType=VARCHAR},
      </if>
      <if test="lastEditTime != null">
        #{lastEditTime,jdbcType=TIMESTAMP},
      </if>
    </trim>
  </insert>
  <select id="countByExample" parameterType="com.sy.pangu.pm.entity.example.PmDistributeExample" resultType="java.lang.Long">
    select count(*) from pm_distribute
    <if test="_parameter != null">
      <include refid="Example_Where_Clause" />
    </if>
  </select>
  <update id="updateByExampleSelective" parameterType="map">
    update pm_distribute
    <set>
      <if test="record.id != null">
        id = #{record.id,jdbcType=INTEGER},
      </if>
      <if test="record.flowId != null">
        flow_id = #{record.flowId,jdbcType=VARCHAR},
      </if>
      <if test="record.fullStaffLvl != null">
        full_staff_lvl = #{record.fullStaffLvl,jdbcType=VARCHAR},
      </if>
      <if test="record.freeStaffLvl != null">
        free_staff_lvl = #{record.freeStaffLvl,jdbcType=VARCHAR},
      </if>
      <if test="record.timePer != null">
        time_per = #{record.timePer,jdbcType=DOUBLE},
      </if>
      <if test="record.notifyTime != null">
        notify_time = #{record.notifyTime,jdbcType=VARCHAR},
      </if>
      <if test="record.nodeId != null">
        node_id = #{record.nodeId,jdbcType=INTEGER},
      </if>
      <if test="record.lastEditor != null">
        last_editor = #{record.lastEditor,jdbcType=VARCHAR},
      </if>
      <if test="record.lastEditTime != null">
        last_edit_time = #{record.lastEditTime,jdbcType=TIMESTAMP},
      </if>
    </set>
    <if test="_parameter != null">
      <include refid="Update_By_Example_Where_Clause" />
    </if>
  </update>
  <update id="updateByExample" parameterType="map">
    update pm_distribute
    set id = #{record.id,jdbcType=INTEGER},
      flow_id = #{record.flowId,jdbcType=VARCHAR},
      full_staff_lvl = #{record.fullStaffLvl,jdbcType=VARCHAR},
      free_staff_lvl = #{record.freeStaffLvl,jdbcType=VARCHAR},
      time_per = #{record.timePer,jdbcType=DOUBLE},
      notify_time = #{record.notifyTime,jdbcType=VARCHAR},
      node_id = #{record.nodeId,jdbcType=INTEGER},
      last_editor = #{record.lastEditor,jdbcType=VARCHAR},
      last_edit_time = #{record.lastEditTime,jdbcType=TIMESTAMP}
    <if test="_parameter != null">
      <include refid="Update_By_Example_Where_Clause" />
    </if>
  </update>
  <update id="updateByPrimaryKeySelective" parameterType="com.sy.pangu.pm.entity.PmDistribute">
    update pm_distribute
    <set>
      <if test="flowId != null">
        flow_id = #{flowId,jdbcType=VARCHAR},
      </if>
      <if test="fullStaffLvl != null">
        full_staff_lvl = #{fullStaffLvl,jdbcType=VARCHAR},
      </if>
      <if test="freeStaffLvl != null">
        free_staff_lvl = #{freeStaffLvl,jdbcType=VARCHAR},
      </if>
      <if test="timePer != null">
        time_per = #{timePer,jdbcType=DOUBLE},
      </if>
      <if test="notifyTime != null">
        notify_time = #{notifyTime,jdbcType=VARCHAR},
      </if>
      <if test="nodeId != null">
        node_id = #{nodeId,jdbcType=INTEGER},
      </if>
      <if test="lastEditor != null">
        last_editor = #{lastEditor,jdbcType=VARCHAR},
      </if>
      <if test="lastEditTime != null">
        last_edit_time = #{lastEditTime,jdbcType=TIMESTAMP},
      </if>
    </set>
    where id = #{id,jdbcType=INTEGER}
  </update>
  <update id="updateByPrimaryKey" parameterType="com.sy.pangu.pm.entity.PmDistribute">
    update pm_distribute
    set flow_id = #{flowId,jdbcType=VARCHAR},
      full_staff_lvl = #{fullStaffLvl,jdbcType=VARCHAR},
      free_staff_lvl = #{freeStaffLvl,jdbcType=VARCHAR},
      time_per = #{timePer,jdbcType=DOUBLE},
      notify_time = #{notifyTime,jdbcType=VARCHAR},
      node_id = #{nodeId,jdbcType=INTEGER},
      last_editor = #{lastEditor,jdbcType=VARCHAR},
      last_edit_time = #{lastEditTime,jdbcType=TIMESTAMP}
    where id = #{id,jdbcType=INTEGER}
  </update>
  <insert id="insertBatch" parameterType="java.util.ArrayList">
    insert into pm_distribute (id, flow_id, staff_lvl,
      time_per, notify_time, node_id
      )
    values
    <foreach collection="list" item="item" index="index" separator=",">
      (#{item.id,jdbcType=INTEGER}, #{item.flowId,jdbcType=VARCHAR}, #{item.staffLvl,jdbcType=VARCHAR},
      #{item.timePer,jdbcType=DECIMAL}, #{item.notifyTime,jdbcType=VARCHAR}, #{item.nodeId,jdbcType=INTEGER}
      )
    </foreach>

  </insert>
  <update id="updateBatch" parameterType="java.util.ArrayList">
    update pm_distribute
    set
    <foreach collection="list" item="record" index="index" separator=",">
      staff_lvl = #{record.staffLvl,jdbcType=VARCHAR},
      time_per = #{record.timePer,jdbcType=DECIMAL},
      notify_time = #{record.notifyTime,jdbcType=VARCHAR}
      where
      flow_id = #{record.flowId,jdbcType=VARCHAR}
      and node_id = #{record.nodeId,jdbcType=INTEGER}
    </foreach>
  </update>
  <select id="selectId" parameterType="com.sy.pangu.pm.entity.example.PmDistributeExample" resultType="java.lang.String">
    select
    <if test="distinct">
      distinct
    </if>
    flow_id from pm_distribute
  </select>
</mapper>