<?xml version="1.0" encoding="UTF-8"?>
<!DOCTYPE mapper PUBLIC "-//mybatis.org//DTD Mapper 3.0//EN" "http://mybatis.org/dtd/mybatis-3-mapper.dtd">
<mapper namespace="com.sy.pangu.pm.mapper.PmFileMapper">
  <resultMap id="BaseResultMap" type="com.sy.pangu.pm.entity.PmFile">
    <id column="file_id" jdbcType="INTEGER" property="fileId" />
    <result column="projects_id" jdbcType="VARCHAR" property="projectsId" />
    <result column="file_name" jdbcType="VARCHAR" property="fileName" />
    <result column="file_path" jdbcType="VARCHAR" property="filePath" />
    <result column="task_type" jdbcType="VARCHAR" property="taskType" />
    <result column="is_del" jdbcType="VARCHAR" property="isDel" />
    <result column="file_type" jdbcType="VARCHAR" property="fileType" />
    <result column="upload_time" jdbcType="VARCHAR" property="uploadTime" />
    <result column="upload_suff" jdbcType="VARCHAR" property="uploadSuff" />
    <result column="file_size" jdbcType="VARCHAR" property="fileSize" />
  </resultMap>
  <sql id="Example_Where_Clause">
    <where>
      <foreach collection="oredCriteria" item="criteria" separator="or">
        <if test="criteria.valid">
          <trim prefix="(" prefixOverrides="and" suffix=")">
            <foreach collection="criteria.criteria" item="criterion">
              <choose>
                <when test="criterion.noValue">
                  and ${criterion.condition}
                </when>
                <when test="criterion.singleValue">
                  and ${criterion.condition} #{criterion.value}
                </when>
                <when test="criterion.betweenValue">
                  and ${criterion.condition} #{criterion.value} and #{criterion.secondValue}
                </when>
                <when test="criterion.listValue">
                  and ${criterion.condition}
                  <foreach close=")" collection="criterion.value" item="listItem" open="(" separator=",">
                    #{listItem}
                  </foreach>
                </when>
              </choose>
            </foreach>
          </trim>
        </if>
      </foreach>
    </where>
  </sql>
  <sql id="Update_By_Example_Where_Clause">
    <where>
      <foreach collection="example.oredCriteria" item="criteria" separator="or">
        <if test="criteria.valid">
          <trim prefix="(" prefixOverrides="and" suffix=")">
            <foreach collection="criteria.criteria" item="criterion">
              <choose>
                <when test="criterion.noValue">
                  and ${criterion.condition}
                </when>
                <when test="criterion.singleValue">
                  and ${criterion.condition} #{criterion.value}
                </when>
                <when test="criterion.betweenValue">
                  and ${criterion.condition} #{criterion.value} and #{criterion.secondValue}
                </when>
                <when test="criterion.listValue">
                  and ${criterion.condition}
                  <foreach close=")" collection="criterion.value" item="listItem" open="(" separator=",">
                    #{listItem}
                  </foreach>
                </when>
              </choose>
            </foreach>
          </trim>
        </if>
      </foreach>
    </where>
  </sql>
  <sql id="Base_Column_List">
    file_id, projects_id, file_name, file_path, task_type, is_del, file_type, upload_time, 
    upload_suff, file_size
  </sql>
  <select id="selectByExample" parameterType="com.sy.pangu.pm.entity.example.PmFileExample" resultMap="BaseResultMap">
    select
    <if test="distinct">
      distinct
    </if>
    <include refid="Base_Column_List" />
    from pm_file
    <if test="_parameter != null">
      <include refid="Example_Where_Clause" />
    </if>
    <if test="orderByClause != null">
      order by ${orderByClause}
    </if>
  </select>
  <select id="selectByPrimaryKey" parameterType="java.lang.Integer" resultMap="BaseResultMap">
    select 
    <include refid="Base_Column_List" />
    from pm_file
    where file_id = #{fileId,jdbcType=INTEGER}
  </select>
  <delete id="deleteByPrimaryKey" parameterType="java.lang.Integer">
    delete from pm_file
    where file_id = #{fileId,jdbcType=INTEGER}
  </delete>
  <delete id="deleteByExample" parameterType="com.sy.pangu.pm.entity.example.PmFileExample">
    delete from pm_file
    <if test="_parameter != null">
      <include refid="Example_Where_Clause" />
    </if>
  </delete>
  <insert id="insert" parameterType="com.sy.pangu.pm.entity.PmFile">
    insert into pm_file (file_id, projects_id, file_name, 
      file_path, task_type, is_del, 
      file_type, upload_time, upload_suff, 
      file_size)
    values (#{fileId,jdbcType=INTEGER}, #{projectsId,jdbcType=VARCHAR}, #{fileName,jdbcType=VARCHAR}, 
      #{filePath,jdbcType=VARCHAR}, #{taskType,jdbcType=VARCHAR}, #{isDel,jdbcType=VARCHAR}, 
      #{fileType,jdbcType=VARCHAR}, #{uploadTime,jdbcType=VARCHAR}, #{uploadSuff,jdbcType=VARCHAR}, 
      #{fileSize,jdbcType=VARCHAR})
  </insert>
  <insert id="insertSelective" parameterType="com.sy.pangu.pm.entity.PmFile">
    insert into pm_file
    <trim prefix="(" suffix=")" suffixOverrides=",">
      <if test="fileId != null">
        file_id,
      </if>
      <if test="projectsId != null">
        projects_id,
      </if>
      <if test="fileName != null">
        file_name,
      </if>
      <if test="filePath != null">
        file_path,
      </if>
      <if test="taskType != null">
        task_type,
      </if>
      <if test="isDel != null">
        is_del,
      </if>
      <if test="fileType != null">
        file_type,
      </if>
      <if test="uploadTime != null">
        upload_time,
      </if>
      <if test="uploadSuff != null">
        upload_suff,
      </if>
      <if test="fileSize != null">
        file_size,
      </if>
    </trim>
    <trim prefix="values (" suffix=")" suffixOverrides=",">
      <if test="fileId != null">
        #{fileId,jdbcType=INTEGER},
      </if>
      <if test="projectsId != null">
        #{projectsId,jdbcType=VARCHAR},
      </if>
      <if test="fileName != null">
        #{fileName,jdbcType=VARCHAR},
      </if>
      <if test="filePath != null">
        #{filePath,jdbcType=VARCHAR},
      </if>
      <if test="taskType != null">
        #{taskType,jdbcType=VARCHAR},
      </if>
      <if test="isDel != null">
        #{isDel,jdbcType=VARCHAR},
      </if>
      <if test="fileType != null">
        #{fileType,jdbcType=VARCHAR},
      </if>
      <if test="uploadTime != null">
        #{uploadTime,jdbcType=VARCHAR},
      </if>
      <if test="uploadSuff != null">
        #{uploadSuff,jdbcType=VARCHAR},
      </if>
      <if test="fileSize != null">
        #{fileSize,jdbcType=VARCHAR},
      </if>
    </trim>
  </insert>
  <select id="countByExample" parameterType="com.sy.pangu.pm.entity.example.PmFileExample" resultType="java.lang.Long">
    select count(*) from pm_file
    <if test="_parameter != null">
      <include refid="Example_Where_Clause" />
    </if>
  </select>
  <update id="updateByExampleSelective" parameterType="map">
    update pm_file
    <set>
      <if test="record.fileId != null">
        file_id = #{record.fileId,jdbcType=INTEGER},
      </if>
      <if test="record.projectsId != null">
        projects_id = #{record.projectsId,jdbcType=VARCHAR},
      </if>
      <if test="record.fileName != null">
        file_name = #{record.fileName,jdbcType=VARCHAR},
      </if>
      <if test="record.filePath != null">
        file_path = #{record.filePath,jdbcType=VARCHAR},
      </if>
      <if test="record.taskType != null">
        task_type = #{record.taskType,jdbcType=VARCHAR},
      </if>
      <if test="record.isDel != null">
        is_del = #{record.isDel,jdbcType=VARCHAR},
      </if>
      <if test="record.fileType != null">
        file_type = #{record.fileType,jdbcType=VARCHAR},
      </if>
      <if test="record.uploadTime != null">
        upload_time = #{record.uploadTime,jdbcType=VARCHAR},
      </if>
      <if test="record.uploadSuff != null">
        upload_suff = #{record.uploadSuff,jdbcType=VARCHAR},
      </if>
      <if test="record.fileSize != null">
        file_size = #{record.fileSize,jdbcType=VARCHAR},
      </if>
    </set>
    <if test="_parameter != null">
      <include refid="Update_By_Example_Where_Clause" />
    </if>
  </update>
  <update id="updateByExample" parameterType="map">
    update pm_file
    set file_id = #{record.fileId,jdbcType=INTEGER},
      projects_id = #{record.projectsId,jdbcType=VARCHAR},
      file_name = #{record.fileName,jdbcType=VARCHAR},
      file_path = #{record.filePath,jdbcType=VARCHAR},
      task_type = #{record.taskType,jdbcType=VARCHAR},
      is_del = #{record.isDel,jdbcType=VARCHAR},
      file_type = #{record.fileType,jdbcType=VARCHAR},
      upload_time = #{record.uploadTime,jdbcType=VARCHAR},
      upload_suff = #{record.uploadSuff,jdbcType=VARCHAR},
      file_size = #{record.fileSize,jdbcType=VARCHAR}
    <if test="_parameter != null">
      <include refid="Update_By_Example_Where_Clause" />
    </if>
  </update>
  <update id="updateByPrimaryKeySelective" parameterType="com.sy.pangu.pm.entity.PmFile">
    update pm_file
    <set>
      <if test="projectsId != null">
        projects_id = #{projectsId,jdbcType=VARCHAR},
      </if>
      <if test="fileName != null">
        file_name = #{fileName,jdbcType=VARCHAR},
      </if>
      <if test="filePath != null">
        file_path = #{filePath,jdbcType=VARCHAR},
      </if>
      <if test="taskType != null">
        task_type = #{taskType,jdbcType=VARCHAR},
      </if>
      <if test="isDel != null">
        is_del = #{isDel,jdbcType=VARCHAR},
      </if>
      <if test="fileType != null">
        file_type = #{fileType,jdbcType=VARCHAR},
      </if>
      <if test="uploadTime != null">
        upload_time = #{uploadTime,jdbcType=VARCHAR},
      </if>
      <if test="uploadSuff != null">
        upload_suff = #{uploadSuff,jdbcType=VARCHAR},
      </if>
      <if test="fileSize != null">
        file_size = #{fileSize,jdbcType=VARCHAR},
      </if>
    </set>
    where file_id = #{fileId,jdbcType=INTEGER}
  </update>
  <update id="updateByPrimaryKey" parameterType="com.sy.pangu.pm.entity.PmFile">
    update pm_file
    set projects_id = #{projectsId,jdbcType=VARCHAR},
      file_name = #{fileName,jdbcType=VARCHAR},
      file_path = #{filePath,jdbcType=VARCHAR},
      task_type = #{taskType,jdbcType=VARCHAR},
      is_del = #{isDel,jdbcType=VARCHAR},
      file_type = #{fileType,jdbcType=VARCHAR},
      upload_time = #{uploadTime,jdbcType=VARCHAR},
      upload_suff = #{uploadSuff,jdbcType=VARCHAR},
      file_size = #{fileSize,jdbcType=VARCHAR}
    where file_id = #{fileId,jdbcType=INTEGER}
  </update>

  <insert id="insertSelectKey" parameterType="com.sy.pangu.pm.entity.PmFile" useGeneratedKeys="true" keyProperty="fileId">
    insert into pm_file
    <trim prefix="(" suffix=")" suffixOverrides=",">
      <if test="fileId != null">
        file_id,
      </if>
      <if test="projectsId != null">
        projects_id,
      </if>
      <if test="fileName != null">
        file_name,
      </if>
      <if test="filePath != null">
        file_path,
      </if>
      <if test="taskType != null">
        task_type,
      </if>
      <if test="isDel != null">
        is_del,
      </if>
      <if test="fileType != null">
        file_type,
      </if>
      <if test="uploadTime != null">
        upload_time,
      </if>
      <if test="uploadSuff != null">
        upload_suff,
      </if>
    </trim>
    <trim prefix="values (" suffix=")" suffixOverrides=",">
      <if test="fileId != null">
        #{fileId,jdbcType=INTEGER},
      </if>
      <if test="projectsId != null">
        #{projectsId,jdbcType=VARCHAR},
      </if>
      <if test="fileName != null">
        #{fileName,jdbcType=VARCHAR},
      </if>
      <if test="filePath != null">
        #{filePath,jdbcType=VARCHAR},
      </if>
      <if test="taskType != null">
        #{taskType,jdbcType=VARCHAR},
      </if>
      <if test="isDel != null">
        #{isDel,jdbcType=VARCHAR},
      </if>
      <if test="fileType != null">
        #{fileType,jdbcType=VARCHAR},
      </if>
      <if test="uploadTime != null">
        #{uploadTime,jdbcType=VARCHAR},
      </if>
      <if test="uploadSuff != null">
        #{uploadSuff,jdbcType=VARCHAR},
      </if>
    </trim>
  </insert>
  <select id="getFileReferenceList" parameterType="java.lang.String" resultMap="BaseResultMap">
    SELECT
    <include refid="Base_Column_List"/>
    FROM pm_file
    WHERE projects_id = #{projectsId}
    AND is_del =0
    AND file_type = '02'
  </select>
  <select id="getProjectFileBypid" resultMap="BaseResultMap">
    SELECT
    <include refid="Base_Column_List"/>
    FROM pm_file
    WHERE projects_id = #{projectId}
    AND is_del =0
    AND file_type = #{fileType}
  </select>
  <update id="deleteFileReferenceById" parameterType="list" >
    update pm_file
    set is_del = 0
    where
    file_id in( #{fileid})
  </update>

</mapper>