<?xml version="1.0" encoding="UTF-8"?>
<!DOCTYPE mapper PUBLIC "-//mybatis.org//DTD Mapper 3.0//EN" "http://mybatis.org/dtd/mybatis-3-mapper.dtd">
<mapper namespace="com.sy.pangu.pm.mapper.PmFileFlowMapper">
  <resultMap id="BaseResultMap" type="com.sy.pangu.pm.entity.PmFileFlow">
    <id column="id" jdbcType="INTEGER" property="id" />
    <result column="project_id" jdbcType="VARCHAR" property="projectId" />
    <result column="file_id" jdbcType="VARCHAR" property="fileId" />
    <result column="flow_name" jdbcType="VARCHAR" property="flowName" />
    <result column="flow_id" jdbcType="VARCHAR" property="flowId" />
    <result column="last_flow" jdbcType="VARCHAR" property="lastFlow" />
    <result column="next_flow" jdbcType="VARCHAR" property="nextFlow" />
    <result column="is_use" jdbcType="VARCHAR" property="isUse" />
  </resultMap>
  <sql id="Example_Where_Clause">
    <where>
      <foreach collection="oredCriteria" item="criteria" separator="or">
        <if test="criteria.valid">
          <trim prefix="(" prefixOverrides="and" suffix=")">
            <foreach collection="criteria.criteria" item="criterion">
              <choose>
                <when test="criterion.noValue">
                  and ${criterion.condition}
                </when>
                <when test="criterion.singleValue">
                  and ${criterion.condition} #{criterion.value}
                </when>
                <when test="criterion.betweenValue">
                  and ${criterion.condition} #{criterion.value} and #{criterion.secondValue}
                </when>
                <when test="criterion.listValue">
                  and ${criterion.condition}
                  <foreach close=")" collection="criterion.value" item="listItem" open="(" separator=",">
                    #{listItem}
                  </foreach>
                </when>
              </choose>
            </foreach>
          </trim>
        </if>
      </foreach>
    </where>
  </sql>
  <sql id="Update_By_Example_Where_Clause">
    <where>
      <foreach collection="example.oredCriteria" item="criteria" separator="or">
        <if test="criteria.valid">
          <trim prefix="(" prefixOverrides="and" suffix=")">
            <foreach collection="criteria.criteria" item="criterion">
              <choose>
                <when test="criterion.noValue">
                  and ${criterion.condition}
                </when>
                <when test="criterion.singleValue">
                  and ${criterion.condition} #{criterion.value}
                </when>
                <when test="criterion.betweenValue">
                  and ${criterion.condition} #{criterion.value} and #{criterion.secondValue}
                </when>
                <when test="criterion.listValue">
                  and ${criterion.condition}
                  <foreach close=")" collection="criterion.value" item="listItem" open="(" separator=",">
                    #{listItem}
                  </foreach>
                </when>
              </choose>
            </foreach>
          </trim>
        </if>
      </foreach>
    </where>
  </sql>
  <sql id="Base_Column_List">
    id, project_id, file_id, flow_name, flow_id, last_flow, next_flow, is_use
  </sql>
  <select id="selectByExample" parameterType="com.sy.pangu.pm.entity.example.PmFileFlowExample" resultMap="BaseResultMap">
    select
    <if test="distinct">
      distinct
    </if>
    <include refid="Base_Column_List" />
    from pm_file_flow
    <if test="_parameter != null">
      <include refid="Example_Where_Clause" />
    </if>
    <if test="orderByClause != null">
      order by ${orderByClause}
    </if>
  </select>
  <select id="selectByPrimaryKey" parameterType="java.lang.Integer" resultMap="BaseResultMap">
    select 
    <include refid="Base_Column_List" />
    from pm_file_flow
    where id = #{id,jdbcType=INTEGER}
  </select>
  <delete id="deleteByPrimaryKey" parameterType="java.lang.Integer">
    delete from pm_file_flow
    where id = #{id,jdbcType=INTEGER}
  </delete>
  <delete id="deleteByExample" parameterType="com.sy.pangu.pm.entity.example.PmFileFlowExample">
    delete from pm_file_flow
    <if test="_parameter != null">
      <include refid="Example_Where_Clause" />
    </if>
  </delete>
  <insert id="insert" parameterType="com.sy.pangu.pm.entity.PmFileFlow">
    insert into pm_file_flow (id, project_id, file_id, 
      flow_name, flow_id, last_flow, 
      next_flow, is_use)
    values (#{id,jdbcType=INTEGER}, #{projectId,jdbcType=VARCHAR}, #{fileId,jdbcType=VARCHAR}, 
      #{flowName,jdbcType=VARCHAR}, #{flowId,jdbcType=VARCHAR}, #{lastFlow,jdbcType=VARCHAR}, 
      #{nextFlow,jdbcType=VARCHAR}, #{isUse,jdbcType=VARCHAR})
  </insert>
  <insert id="insertSelective" parameterType="com.sy.pangu.pm.entity.PmFileFlow">
    insert into pm_file_flow
    <trim prefix="(" suffix=")" suffixOverrides=",">
      <if test="id != null">
        id,
      </if>
      <if test="projectId != null">
        project_id,
      </if>
      <if test="fileId != null">
        file_id,
      </if>
      <if test="flowName != null">
        flow_name,
      </if>
      <if test="flowId != null">
        flow_id,
      </if>
      <if test="lastFlow != null">
        last_flow,
      </if>
      <if test="nextFlow != null">
        next_flow,
      </if>
      <if test="isUse != null">
        is_use,
      </if>
    </trim>
    <trim prefix="values (" suffix=")" suffixOverrides=",">
      <if test="id != null">
        #{id,jdbcType=INTEGER},
      </if>
      <if test="projectId != null">
        #{projectId,jdbcType=VARCHAR},
      </if>
      <if test="fileId != null">
        #{fileId,jdbcType=VARCHAR},
      </if>
      <if test="flowName != null">
        #{flowName,jdbcType=VARCHAR},
      </if>
      <if test="flowId != null">
        #{flowId,jdbcType=VARCHAR},
      </if>
      <if test="lastFlow != null">
        #{lastFlow,jdbcType=VARCHAR},
      </if>
      <if test="nextFlow != null">
        #{nextFlow,jdbcType=VARCHAR},
      </if>
      <if test="isUse != null">
        #{isUse,jdbcType=VARCHAR},
      </if>
    </trim>
  </insert>
  <select id="countByExample" parameterType="com.sy.pangu.pm.entity.example.PmFileFlowExample" resultType="java.lang.Long">
    select count(*) from pm_file_flow
    <if test="_parameter != null">
      <include refid="Example_Where_Clause" />
    </if>
  </select>
  <update id="updateByExampleSelective" parameterType="map">
    update pm_file_flow
    <set>
      <if test="record.id != null">
        id = #{record.id,jdbcType=INTEGER},
      </if>
      <if test="record.projectId != null">
        project_id = #{record.projectId,jdbcType=VARCHAR},
      </if>
      <if test="record.fileId != null">
        file_id = #{record.fileId,jdbcType=VARCHAR},
      </if>
      <if test="record.flowName != null">
        flow_name = #{record.flowName,jdbcType=VARCHAR},
      </if>
      <if test="record.flowId != null">
        flow_id = #{record.flowId,jdbcType=VARCHAR},
      </if>
      <if test="record.lastFlow != null">
        last_flow = #{record.lastFlow,jdbcType=VARCHAR},
      </if>
      <if test="record.nextFlow != null">
        next_flow = #{record.nextFlow,jdbcType=VARCHAR},
      </if>
      <if test="record.isUse != null">
        is_use = #{record.isUse,jdbcType=VARCHAR},
      </if>
    </set>
    <if test="_parameter != null">
      <include refid="Update_By_Example_Where_Clause" />
    </if>
  </update>
  <update id="updateByExample" parameterType="map">
    update pm_file_flow
    set id = #{record.id,jdbcType=INTEGER},
      project_id = #{record.projectId,jdbcType=VARCHAR},
      file_id = #{record.fileId,jdbcType=VARCHAR},
      flow_name = #{record.flowName,jdbcType=VARCHAR},
      flow_id = #{record.flowId,jdbcType=VARCHAR},
      last_flow = #{record.lastFlow,jdbcType=VARCHAR},
      next_flow = #{record.nextFlow,jdbcType=VARCHAR},
      is_use = #{record.isUse,jdbcType=VARCHAR}
    <if test="_parameter != null">
      <include refid="Update_By_Example_Where_Clause" />
    </if>
  </update>
  <update id="updateByPrimaryKeySelective" parameterType="com.sy.pangu.pm.entity.PmFileFlow">
    update pm_file_flow
    <set>
      <if test="projectId != null">
        project_id = #{projectId,jdbcType=VARCHAR},
      </if>
      <if test="fileId != null">
        file_id = #{fileId,jdbcType=VARCHAR},
      </if>
      <if test="flowName != null">
        flow_name = #{flowName,jdbcType=VARCHAR},
      </if>
      <if test="flowId != null">
        flow_id = #{flowId,jdbcType=VARCHAR},
      </if>
      <if test="lastFlow != null">
        last_flow = #{lastFlow,jdbcType=VARCHAR},
      </if>
      <if test="nextFlow != null">
        next_flow = #{nextFlow,jdbcType=VARCHAR},
      </if>
      <if test="isUse != null">
        is_use = #{isUse,jdbcType=VARCHAR},
      </if>
    </set>
    where id = #{id,jdbcType=INTEGER}
  </update>
  <update id="updateByPrimaryKey" parameterType="com.sy.pangu.pm.entity.PmFileFlow">
    update pm_file_flow
    set project_id = #{projectId,jdbcType=VARCHAR},
      file_id = #{fileId,jdbcType=VARCHAR},
      flow_name = #{flowName,jdbcType=VARCHAR},
      flow_id = #{flowId,jdbcType=VARCHAR},
      last_flow = #{lastFlow,jdbcType=VARCHAR},
      next_flow = #{nextFlow,jdbcType=VARCHAR},
      is_use = #{isUse,jdbcType=VARCHAR}
    where id = #{id,jdbcType=INTEGER}
  </update>

  <resultMap id="File_Staff_ResultMap" type="com.sy.pangu.pm.entity.PmFileFlow" extends="BaseResultMap">

    <collection property="taskInfos" ofType="com.sy.pangu.pm.entity.PmTaskInfo">
<!--      <id column="task_id" jdbcType="INTEGER" property="id"/>-->
      <result column="staff_num" jdbcType="VARCHAR" property="staffNum" />
      <result column="task_status" jdbcType="VARCHAR" property="taskStatus" />
    </collection>
  </resultMap>
  <select id="selectFileFlowByFileId" resultMap="File_Staff_ResultMap" parameterType="java.lang.String">
    select
      f.id,
--       f.task_id,
      f.file_id,
      f.flow_name,
      f.flow_id,
      f.last_flow,
      f.next_flow,
      f.is_use,
      i.staff_num,
      i.task_status
    from pm_file_flow f
    left join pm_task_info i on i.flow_id = f.id
    where f.is_use = '00'
    <if test="fileId != null">
      and f.file_Id = #{fileId}
    </if>
    order by f.id asc
  </select>
  <insert id="insertBatch" parameterType="java.util.ArrayList">
    insert into pm_file_flow (id, project_id, file_id,
      flow_name, flow_id, last_flow,
      next_flow, is_use)
    values
    <foreach collection="list" index="index" item="item" separator=",">
      (#{item.id,jdbcType=INTEGER}, #{item.projectId,jdbcType=VARCHAR}, #{item.fileId,jdbcType=VARCHAR},
      #{item.flowName,jdbcType=VARCHAR}, #{item.flowId,jdbcType=VARCHAR}, #{item.lastFlow,jdbcType=VARCHAR},
      #{item.nextFlow,jdbcType=VARCHAR}, #{item.isUse,jdbcType=VARCHAR})
    </foreach>
  </insert>
  <select id="deleteFileFlowByFID" parameterType="java.lang.String" >
    update  pm_file_flow set is_use = 1
    where file_id = #{0}
    and  flow_id !=#{1}
  </select>
  <select id="getProjectTranslateFlow" parameterType="java.lang.Integer" resultMap="BaseResultMap">
    select
    id, project_id, file_id, flow_name, flow_id, last_flow, next_flow, is_use
    from pm_file_flow
    where file_id = #{fileId}
    and is_use = 0
    AND  flow_id IN (2,3,4)
  </select>
</mapper>