<?xml version="1.0" encoding="UTF-8"?>
<!DOCTYPE mapper PUBLIC "-//mybatis.org//DTD Mapper 3.0//EN" "http://mybatis.org/dtd/mybatis-3-mapper.dtd">
<mapper namespace="com.sy.pangu.pm.mapper.PmGrabsheetMapper">
  <resultMap id="BaseResultMap" type="com.sy.pangu.pm.entity.PmGrabsheet">
    <id column="id" jdbcType="INTEGER" property="id" />
    <result column="task_id" jdbcType="VARCHAR" property="taskId" />
    <result column="staff_num" jdbcType="VARCHAR" property="staffNum" />
    <result column="task_status" jdbcType="VARCHAR" property="taskStatus" />
    <result column="is_remind" jdbcType="TINYINT" property="isRemind" />
    <result column="remind_time" jdbcType="VARCHAR" property="remindTime" />
    <result column="notice_hour" jdbcType="DECIMAL" property="noticeHour" />
    <result column="allot_type" jdbcType="VARCHAR" property="allotType" />
    <result column="choose_lv" jdbcType="VARCHAR" property="chooseLv" />
    <result column="last_edit_time" jdbcType="VARCHAR" property="lastEditTime" />
    <result column="last_editor" jdbcType="VARCHAR" property="lastEditor" />
    <result column="datachar1" jdbcType="VARCHAR" property="datachar1" />
    <result column="datachar2" jdbcType="VARCHAR" property="datachar2" />
  </resultMap>
  <sql id="Example_Where_Clause">
    <where>
      <foreach collection="oredCriteria" item="criteria" separator="or">
        <if test="criteria.valid">
          <trim prefix="(" prefixOverrides="and" suffix=")">
            <foreach collection="criteria.criteria" item="criterion">
              <choose>
                <when test="criterion.noValue">
                  and ${criterion.condition}
                </when>
                <when test="criterion.singleValue">
                  and ${criterion.condition} #{criterion.value}
                </when>
                <when test="criterion.betweenValue">
                  and ${criterion.condition} #{criterion.value} and #{criterion.secondValue}
                </when>
                <when test="criterion.listValue">
                  and ${criterion.condition}
                  <foreach close=")" collection="criterion.value" item="listItem" open="(" separator=",">
                    #{listItem}
                  </foreach>
                </when>
              </choose>
            </foreach>
          </trim>
        </if>
      </foreach>
    </where>
  </sql>
  <sql id="Update_By_Example_Where_Clause">
    <where>
      <foreach collection="example.oredCriteria" item="criteria" separator="or">
        <if test="criteria.valid">
          <trim prefix="(" prefixOverrides="and" suffix=")">
            <foreach collection="criteria.criteria" item="criterion">
              <choose>
                <when test="criterion.noValue">
                  and ${criterion.condition}
                </when>
                <when test="criterion.singleValue">
                  and ${criterion.condition} #{criterion.value}
                </when>
                <when test="criterion.betweenValue">
                  and ${criterion.condition} #{criterion.value} and #{criterion.secondValue}
                </when>
                <when test="criterion.listValue">
                  and ${criterion.condition}
                  <foreach close=")" collection="criterion.value" item="listItem" open="(" separator=",">
                    #{listItem}
                  </foreach>
                </when>
              </choose>
            </foreach>
          </trim>
        </if>
      </foreach>
    </where>
  </sql>
  <sql id="Base_Column_List">
    id, task_id, staff_num, task_status, is_remind, remind_time, notice_hour, allot_type, 
    choose_lv, last_edit_time, last_editor, datachar1, datachar2
  </sql>
  <select id="selectByExample" parameterType="com.sy.pangu.pm.entity.example.PmGrabsheetExample" resultMap="BaseResultMap">
    select
    <if test="distinct">
      distinct
    </if>
    <include refid="Base_Column_List" />
    from pm_grabsheet
    <if test="_parameter != null">
      <include refid="Example_Where_Clause" />
    </if>
    <if test="orderByClause != null">
      order by ${orderByClause}
    </if>
  </select>
  <select id="selectByPrimaryKey" parameterType="java.lang.Integer" resultMap="BaseResultMap">
    select 
    <include refid="Base_Column_List" />
    from pm_grabsheet
    where id = #{id,jdbcType=INTEGER}
  </select>
  <delete id="deleteByPrimaryKey" parameterType="java.lang.Integer">
    delete from pm_grabsheet
    where id = #{id,jdbcType=INTEGER}
  </delete>
  <delete id="deleteByExample" parameterType="com.sy.pangu.pm.entity.example.PmGrabsheetExample">
    delete from pm_grabsheet
    <if test="_parameter != null">
      <include refid="Example_Where_Clause" />
    </if>
  </delete>
  <insert id="insert" parameterType="com.sy.pangu.pm.entity.PmGrabsheet">
    insert into pm_grabsheet (id, task_id, staff_num, 
      task_status, is_remind, remind_time, 
      notice_hour, allot_type, choose_lv, 
      last_edit_time, last_editor, datachar1, 
      datachar2)
    values (#{id,jdbcType=INTEGER}, #{taskId,jdbcType=VARCHAR}, #{staffNum,jdbcType=VARCHAR}, 
      #{taskStatus,jdbcType=VARCHAR}, #{isRemind,jdbcType=TINYINT}, #{remindTime,jdbcType=VARCHAR}, 
      #{noticeHour,jdbcType=DECIMAL}, #{allotType,jdbcType=VARCHAR}, #{chooseLv,jdbcType=VARCHAR}, 
      #{lastEditTime,jdbcType=VARCHAR}, #{lastEditor,jdbcType=VARCHAR}, #{datachar1,jdbcType=VARCHAR}, 
      #{datachar2,jdbcType=VARCHAR})
  </insert>
  <insert id="insertSelective" parameterType="com.sy.pangu.pm.entity.PmGrabsheet">
    insert into pm_grabsheet
    <trim prefix="(" suffix=")" suffixOverrides=",">
      <if test="id != null">
        id,
      </if>
      <if test="taskId != null">
        task_id,
      </if>
      <if test="staffNum != null">
        staff_num,
      </if>
      <if test="taskStatus != null">
        task_status,
      </if>
      <if test="isRemind != null">
        is_remind,
      </if>
      <if test="remindTime != null">
        remind_time,
      </if>
      <if test="noticeHour != null">
        notice_hour,
      </if>
      <if test="allotType != null">
        allot_type,
      </if>
      <if test="chooseLv != null">
        choose_lv,
      </if>
      <if test="lastEditTime != null">
        last_edit_time,
      </if>
      <if test="lastEditor != null">
        last_editor,
      </if>
      <if test="datachar1 != null">
        datachar1,
      </if>
      <if test="datachar2 != null">
        datachar2,
      </if>
    </trim>
    <trim prefix="values (" suffix=")" suffixOverrides=",">
      <if test="id != null">
        #{id,jdbcType=INTEGER},
      </if>
      <if test="taskId != null">
        #{taskId,jdbcType=VARCHAR},
      </if>
      <if test="staffNum != null">
        #{staffNum,jdbcType=VARCHAR},
      </if>
      <if test="taskStatus != null">
        #{taskStatus,jdbcType=VARCHAR},
      </if>
      <if test="isRemind != null">
        #{isRemind,jdbcType=TINYINT},
      </if>
      <if test="remindTime != null">
        #{remindTime,jdbcType=VARCHAR},
      </if>
      <if test="noticeHour != null">
        #{noticeHour,jdbcType=DECIMAL},
      </if>
      <if test="allotType != null">
        #{allotType,jdbcType=VARCHAR},
      </if>
      <if test="chooseLv != null">
        #{chooseLv,jdbcType=VARCHAR},
      </if>
      <if test="lastEditTime != null">
        #{lastEditTime,jdbcType=VARCHAR},
      </if>
      <if test="lastEditor != null">
        #{lastEditor,jdbcType=VARCHAR},
      </if>
      <if test="datachar1 != null">
        #{datachar1,jdbcType=VARCHAR},
      </if>
      <if test="datachar2 != null">
        #{datachar2,jdbcType=VARCHAR},
      </if>
    </trim>
  </insert>
  <select id="countByExample" parameterType="com.sy.pangu.pm.entity.example.PmGrabsheetExample" resultType="java.lang.Long">
    select count(*) from pm_grabsheet
    <if test="_parameter != null">
      <include refid="Example_Where_Clause" />
    </if>
  </select>
  <update id="updateByExampleSelective" parameterType="map">
    update pm_grabsheet
    <set>
      <if test="record.id != null">
        id = #{record.id,jdbcType=INTEGER},
      </if>
      <if test="record.taskId != null">
        task_id = #{record.taskId,jdbcType=VARCHAR},
      </if>
      <if test="record.staffNum != null">
        staff_num = #{record.staffNum,jdbcType=VARCHAR},
      </if>
      <if test="record.taskStatus != null">
        task_status = #{record.taskStatus,jdbcType=VARCHAR},
      </if>
      <if test="record.isRemind != null">
        is_remind = #{record.isRemind,jdbcType=TINYINT},
      </if>
      <if test="record.remindTime != null">
        remind_time = #{record.remindTime,jdbcType=VARCHAR},
      </if>
      <if test="record.noticeHour != null">
        notice_hour = #{record.noticeHour,jdbcType=DECIMAL},
      </if>
      <if test="record.allotType != null">
        allot_type = #{record.allotType,jdbcType=VARCHAR},
      </if>
      <if test="record.chooseLv != null">
        choose_lv = #{record.chooseLv,jdbcType=VARCHAR},
      </if>
      <if test="record.lastEditTime != null">
        last_edit_time = #{record.lastEditTime,jdbcType=VARCHAR},
      </if>
      <if test="record.lastEditor != null">
        last_editor = #{record.lastEditor,jdbcType=VARCHAR},
      </if>
      <if test="record.datachar1 != null">
        datachar1 = #{record.datachar1,jdbcType=VARCHAR},
      </if>
      <if test="record.datachar2 != null">
        datachar2 = #{record.datachar2,jdbcType=VARCHAR},
      </if>
    </set>
    <if test="_parameter != null">
      <include refid="Update_By_Example_Where_Clause" />
    </if>
  </update>
  <update id="updateByExample" parameterType="map">
    update pm_grabsheet
    set id = #{record.id,jdbcType=INTEGER},
      task_id = #{record.taskId,jdbcType=VARCHAR},
      staff_num = #{record.staffNum,jdbcType=VARCHAR},
      task_status = #{record.taskStatus,jdbcType=VARCHAR},
      is_remind = #{record.isRemind,jdbcType=TINYINT},
      remind_time = #{record.remindTime,jdbcType=VARCHAR},
      notice_hour = #{record.noticeHour,jdbcType=DECIMAL},
      allot_type = #{record.allotType,jdbcType=VARCHAR},
      choose_lv = #{record.chooseLv,jdbcType=VARCHAR},
      last_edit_time = #{record.lastEditTime,jdbcType=VARCHAR},
      last_editor = #{record.lastEditor,jdbcType=VARCHAR},
      datachar1 = #{record.datachar1,jdbcType=VARCHAR},
      datachar2 = #{record.datachar2,jdbcType=VARCHAR}
    <if test="_parameter != null">
      <include refid="Update_By_Example_Where_Clause" />
    </if>
  </update>
  <update id="updateByPrimaryKeySelective" parameterType="com.sy.pangu.pm.entity.PmGrabsheet">
    update pm_grabsheet
    <set>
      <if test="taskId != null">
        task_id = #{taskId,jdbcType=VARCHAR},
      </if>
      <if test="staffNum != null">
        staff_num = #{staffNum,jdbcType=VARCHAR},
      </if>
      <if test="taskStatus != null">
        task_status = #{taskStatus,jdbcType=VARCHAR},
      </if>
      <if test="isRemind != null">
        is_remind = #{isRemind,jdbcType=TINYINT},
      </if>
      <if test="remindTime != null">
        remind_time = #{remindTime,jdbcType=VARCHAR},
      </if>
      <if test="noticeHour != null">
        notice_hour = #{noticeHour,jdbcType=DECIMAL},
      </if>
      <if test="allotType != null">
        allot_type = #{allotType,jdbcType=VARCHAR},
      </if>
      <if test="chooseLv != null">
        choose_lv = #{chooseLv,jdbcType=VARCHAR},
      </if>
      <if test="lastEditTime != null">
        last_edit_time = #{lastEditTime,jdbcType=VARCHAR},
      </if>
      <if test="lastEditor != null">
        last_editor = #{lastEditor,jdbcType=VARCHAR},
      </if>
      <if test="datachar1 != null">
        datachar1 = #{datachar1,jdbcType=VARCHAR},
      </if>
      <if test="datachar2 != null">
        datachar2 = #{datachar2,jdbcType=VARCHAR},
      </if>
    </set>
    where id = #{id,jdbcType=INTEGER}
  </update>
  <update id="updateByPrimaryKey" parameterType="com.sy.pangu.pm.entity.PmGrabsheet">
    update pm_grabsheet
    set task_id = #{taskId,jdbcType=VARCHAR},
      staff_num = #{staffNum,jdbcType=VARCHAR},
      task_status = #{taskStatus,jdbcType=VARCHAR},
      is_remind = #{isRemind,jdbcType=TINYINT},
      remind_time = #{remindTime,jdbcType=VARCHAR},
      notice_hour = #{noticeHour,jdbcType=DECIMAL},
      allot_type = #{allotType,jdbcType=VARCHAR},
      choose_lv = #{chooseLv,jdbcType=VARCHAR},
      last_edit_time = #{lastEditTime,jdbcType=VARCHAR},
      last_editor = #{lastEditor,jdbcType=VARCHAR},
      datachar1 = #{datachar1,jdbcType=VARCHAR},
      datachar2 = #{datachar2,jdbcType=VARCHAR}
    where id = #{id,jdbcType=INTEGER}
  </update>
  <update id="updateByTaskIdSelective" parameterType="com.sy.pangu.pm.entity.PmGrabsheet">
    update pm_grabsheet
    <set>
      <if test="taskId != null">
        task_id = #{taskId,jdbcType=VARCHAR},
      </if>
      <if test="staffNum != null">
        staff_num = #{staffNum,jdbcType=VARCHAR},
      </if>
      <if test="taskStatus != null">
        task_status = #{taskStatus,jdbcType=VARCHAR},
      </if>
      <if test="isRemind != null">
        is_remind = #{isRemind,jdbcType=INTEGER},
      </if>
      <if test="remindTime != null">
        remind_time = #{remindTime,jdbcType=VARCHAR},
      </if>
      <if test="allotType != null">
        allot_type = #{allotType,jdbcType=VARCHAR},
      </if>
      <if test="chooseLv != null">
        choose_lv = #{chooseLv,jdbcType=VARCHAR},
      </if>
    </set>
    where task_id = #{taskId}
  </update>
  <insert id="insertBatch" parameterType="java.util.ArrayList">
    insert into pm_grabsheet
    (task_id,task_status,allot_type,choose_Lv,datachar1,notice_hour,last_editor,last_edit_time,is_remind)
      values
      <foreach collection="list" index="index" item="item" separator=",">
        (#{item.taskId},#{item.taskStatus},#{item.allotType},#{item.chooseLv},#{item.datachar1},#{item.noticeHour},
        #{item.lastEditor},#{item.lastEditTime},#{item.isRemind})
      </foreach>
  </insert>
</mapper>