<?xml version="1.0" encoding="UTF-8"?>
<!DOCTYPE mapper PUBLIC "-//mybatis.org//DTD Mapper 3.0//EN" "http://mybatis.org/dtd/mybatis-3-mapper.dtd">
<mapper namespace="com.sy.pangu.pm.mapper.PmProjectInfoMapper">
    <resultMap id="BaseResultMap" type="com.sy.pangu.pm.entity.PmProjectInfo">
        <id column="id" jdbcType="INTEGER" property="id"/>
        <result column="project_id" jdbcType="VARCHAR" property="projectId"/>
        <result column="project_name" jdbcType="VARCHAR" property="projectName"/>
        <result column="responsibility_type" jdbcType="VARCHAR" property="responsibilityType"/>
        <result column="customer_id" jdbcType="VARCHAR" property="customerId"/>
        <result column="customer_name" jdbcType="VARCHAR" property="customerName"/>
        <result column="estimate_word" jdbcType="VARCHAR" property="estimateWord"/>
        <result column="quality_grade" jdbcType="VARCHAR" property="qualityGrade"/>
        <result column="order_type" jdbcType="VARCHAR" property="orderType"/>
        <result column="order_remake" jdbcType="VARCHAR" property="orderRemake"/>
        <result column="source_lan" jdbcType="VARCHAR" property="sourceLan"/>
        <result column="target_lan" jdbcType="VARCHAR" property="targetLan"/>
        <result column="order_people" jdbcType="VARCHAR" property="orderPeople"/>
        <result column="order_time" jdbcType="VARCHAR" property="orderTime"/>
        <result column="delivery_time" jdbcType="VARCHAR" property="deliveryTime"/>
        <result column="pm_id" jdbcType="VARCHAR" property="pmId"/>
        <result column="tranmgr_id" jdbcType="VARCHAR" property="tranmgrId"/>
        <result column="is_online" jdbcType="TINYINT" property="isOnline"/>
        <result column="project_type" jdbcType="VARCHAR" property="projectType"/>
        <result column="reality_handfile_time" jdbcType="VARCHAR" property="realityHandfileTime"/>
        <result column="domain" jdbcType="VARCHAR" property="domain"/>
    </resultMap>
    <sql id="Example_Where_Clause">
        <where>
            <foreach collection="oredCriteria" item="criteria" separator="or">
                <if test="criteria.valid">
                    <trim prefix="(" prefixOverrides="and" suffix=")">
                        <foreach collection="criteria.criteria" item="criterion">
                            <choose>
                                <when test="criterion.noValue">
                                    and ${criterion.condition}
                                </when>
                                <when test="criterion.singleValue">
                                    and ${criterion.condition} #{criterion.value}
                                </when>
                                <when test="criterion.betweenValue">
                                    and ${criterion.condition} #{criterion.value} and #{criterion.secondValue}
                                </when>
                                <when test="criterion.listValue">
                                    and ${criterion.condition}
                                    <foreach close=")" collection="criterion.value" item="listItem" open="("
                                             separator=",">
                                        #{listItem}
                                    </foreach>
                                </when>
                            </choose>
                        </foreach>
                    </trim>
                </if>
            </foreach>
        </where>
    </sql>
    <sql id="Update_By_Example_Where_Clause">
        <where>
            <foreach collection="example.oredCriteria" item="criteria" separator="or">
                <if test="criteria.valid">
                    <trim prefix="(" prefixOverrides="and" suffix=")">
                        <foreach collection="criteria.criteria" item="criterion">
                            <choose>
                                <when test="criterion.noValue">
                                    and ${criterion.condition}
                                </when>
                                <when test="criterion.singleValue">
                                    and ${criterion.condition} #{criterion.value}
                                </when>
                                <when test="criterion.betweenValue">
                                    and ${criterion.condition} #{criterion.value} and #{criterion.secondValue}
                                </when>
                                <when test="criterion.listValue">
                                    and ${criterion.condition}
                                    <foreach close=")" collection="criterion.value" item="listItem" open="("
                                             separator=",">
                                        #{listItem}
                                    </foreach>
                                </when>
                            </choose>
                        </foreach>
                    </trim>
                </if>
            </foreach>
        </where>
    </sql>
    <sql id="Base_Column_List">
        id , project_id, project_name, responsibility_type, customer_id, customer_name, estimate_word,
             quality_grade, order_type, order_remake, source_lan, target_lan, order_people, order_time,
             delivery_time, pm_id, tranmgr_id, is_online, project_type, reality_handfile_time, domain
    </sql>
    <select id="selectByExample" parameterType="com.sy.pangu.pm.entity.example.PmProjectInfoExample"
            resultMap="BaseResultMap">
        select
        <if test="distinct">
            distinct
        </if>
        <include refid="Base_Column_List"/>
        from pm_project_info
        <if test="_parameter != null">
            <include refid="Example_Where_Clause"/>
        </if>
        <if test="orderByClause != null">
            order by ${orderByClause}
        </if>
    </select>
    <select id="selectByPrimaryKey" parameterType="java.lang.String" resultMap="BaseResultMap">
        select
        <include refid="Base_Column_List"/>
        from pm_project_info
        where project_id = #{projectId}
    </select>
    <delete id="deleteByPrimaryKey" parameterType="java.lang.Integer">
        delete
        from pm_project_info
        where id = #{id,jdbcType=INTEGER}
    </delete>
    <delete id="deleteByExample" parameterType="com.sy.pangu.pm.entity.example.PmProjectInfoExample">
        delete from pm_project_info
        <if test="_parameter != null">
            <include refid="Example_Where_Clause"/>
        </if>
    </delete>
    <insert id="insert" parameterType="com.sy.pangu.pm.entity.PmProjectInfo">
        insert into pm_project_info (id,
                                     project_id,
                                     project_name,
                                     responsibility_type,
                                     customer_id,
                                     customer_name,
                                     estimate_word,
                                     quality_grade,
                                     order_type,
                                     order_remake,
                                     source_lan,
                                     target_lan,
                                     order_people,
                                     order_time,
                                     delivery_time,
                                     pm_id,
                                     tranmgr_id,
                                     is_online,
                                     project_type,
                                     reality_handfile_time,
                                     domain)
        values (#{id,jdbcType=INTEGER},
                #{projectId,jdbcType=VARCHAR},
                #{projectName,jdbcType=VARCHAR},
                #{responsibilityType,jdbcType=VARCHAR},
                #{customerId,jdbcType=VARCHAR},
                #{customerName,jdbcType=VARCHAR},
                #{estimateWord,jdbcType=VARCHAR},
                #{qualityGrade,jdbcType=VARCHAR},
                #{orderType,jdbcType=VARCHAR},
                #{orderRemake,jdbcType=VARCHAR},
                #{sourceLan,jdbcType=VARCHAR},
                #{targetLan,jdbcType=VARCHAR},
                #{orderPeople,jdbcType=VARCHAR},
                #{orderTime,jdbcType=VARCHAR},
                #{deliveryTime,jdbcType=VARCHAR},
                #{pmId,jdbcType=VARCHAR},
                #{tranmgrId,jdbcType=VARCHAR},
                #{isOnline,jdbcType=VARCHAR},
                #{projectType,jdbcType=VARCHAR},
                #{realityHandfileTime,jdbcType=VARCHAR},
                #{domain,jdbcType=VARCHAR})
    </insert>
    <insert id="insertSelective" parameterType="com.sy.pangu.pm.entity.PmProjectInfo">
        insert into pm_project_info
        <trim prefix="(" suffix=")" suffixOverrides=",">
            <if test="id != null">
                id,
            </if>
            <if test="projectId != null">
                project_id,
            </if>
            <if test="projectName != null">
                project_name,
            </if>
            <if test="responsibilityType != null">
                responsibility_type,
            </if>
            <if test="customerId != null">
                customer_id,
            </if>
            <if test="customerName != null">
                customer_name,
            </if>
            <if test="estimateWord != null">
                estimate_word,
            </if>
            <if test="qualityGrade != null">
                quality_grade,
            </if>
            <if test="orderType != null">
                order_type,
            </if>
            <if test="orderRemake != null">
                order_remake,
            </if>
            <if test="sourceLan != null">
                source_lan,
            </if>
            <if test="targetLan != null">
                target_lan,
            </if>
            <if test="orderPeople != null">
                order_people,
            </if>
            <if test="orderTime != null">
                order_time,
            </if>
            <if test="deliveryTime != null">
                delivery_time,
            </if>
            <if test="pmId != null">
                pm_id,
            </if>
            <if test="tranmgrId != null">
                tranmgr_id,
            </if>
            <if test="isOnline != null">
                is_online,
            </if>
            <if test="projectType != null">
                project_type,
            </if>
            <if test="realityHandfileTime != null">
                reality_handfile_time,
            </if>
            <if test="domain != null">
                domain,
            </if>
        </trim>
        <trim prefix="values (" suffix=")" suffixOverrides=",">
            <if test="id != null">
                #{id,jdbcType=INTEGER},
            </if>
            <if test="projectId != null">
                #{projectId,jdbcType=VARCHAR},
            </if>
            <if test="projectName != null">
                #{projectName,jdbcType=VARCHAR},
            </if>
            <if test="responsibilityType != null">
                #{responsibilityType,jdbcType=VARCHAR},
            </if>
            <if test="customerId != null">
                #{customerId,jdbcType=VARCHAR},
            </if>
            <if test="customerName != null">
                #{customerName,jdbcType=VARCHAR},
            </if>
            <if test="estimateWord != null">
                #{estimateWord,jdbcType=VARCHAR},
            </if>
            <if test="qualityGrade != null">
                #{qualityGrade,jdbcType=VARCHAR},
            </if>
            <if test="orderType != null">
                #{orderType,jdbcType=VARCHAR},
            </if>
            <if test="orderRemake != null">
                #{orderRemake,jdbcType=VARCHAR},
            </if>
            <if test="sourceLan != null">
                #{sourceLan,jdbcType=VARCHAR},
            </if>
            <if test="targetLan != null">
                #{targetLan,jdbcType=VARCHAR},
            </if>
            <if test="orderPeople != null">
                #{orderPeople,jdbcType=VARCHAR},
            </if>
            <if test="orderTime != null">
                #{orderTime,jdbcType=VARCHAR},
            </if>
            <if test="deliveryTime != null">
                #{deliveryTime,jdbcType=VARCHAR},
            </if>
            <if test="pmId != null">
                #{pmId,jdbcType=VARCHAR},
            </if>
            <if test="tranmgrId != null">
                #{tranmgrId,jdbcType=VARCHAR},
            </if>
            <if test="isOnline != null">
                #{isOnline,jdbcType=VARCHAR},
            </if>
            <if test="projectType != null">
                #{projectType,jdbcType=VARCHAR},
            </if>
            <if test="realityHandfileTime != null">
                #{realityHandfileTime,jdbcType=VARCHAR},
            </if>
            <if test="domain != null">
                #{domain,jdbcType=VARCHAR},
            </if>
        </trim>
    </insert>
    <select id="countByExample" parameterType="com.sy.pangu.pm.entity.example.PmProjectInfoExample"
            resultType="java.lang.Long">
        select count(*) from pm_project_info
        <if test="_parameter != null">
            <include refid="Example_Where_Clause"/>
        </if>
    </select>
    <update id="updateByExampleSelective" parameterType="map">
        update pm_project_info
        <set>
            <if test="record.id != null">
                id = #{record.id,jdbcType=INTEGER},
            </if>
            <if test="record.projectId != null">
                project_id = #{record.projectId,jdbcType=VARCHAR},
            </if>
            <if test="record.projectName != null">
                project_name = #{record.projectName,jdbcType=VARCHAR},
            </if>
            <if test="record.responsibilityType != null">
                responsibility_type = #{record.responsibilityType,jdbcType=VARCHAR},
            </if>
            <if test="record.customerId != null">
                customer_id = #{record.customerId,jdbcType=VARCHAR},
            </if>
            <if test="record.customerName != null">
                customer_name = #{record.customerName,jdbcType=VARCHAR},
            </if>
            <if test="record.estimateWord != null">
                estimate_word = #{record.estimateWord,jdbcType=VARCHAR},
            </if>
            <if test="record.qualityGrade != null">
                quality_grade = #{record.qualityGrade,jdbcType=VARCHAR},
            </if>
            <if test="record.orderType != null">
                order_type = #{record.orderType,jdbcType=VARCHAR},
            </if>
            <if test="record.orderRemake != null">
                order_remake = #{record.orderRemake,jdbcType=VARCHAR},
            </if>
            <if test="record.sourceLan != null">
                source_lan = #{record.sourceLan,jdbcType=VARCHAR},
            </if>
            <if test="record.targetLan != null">
                target_lan = #{record.targetLan,jdbcType=VARCHAR},
            </if>
            <if test="record.orderPeople != null">
                order_people = #{record.orderPeople,jdbcType=VARCHAR},
            </if>
            <if test="record.orderTime != null">
                order_time = #{record.orderTime,jdbcType=VARCHAR},
            </if>
            <if test="record.deliveryTime != null">
                delivery_time = #{record.deliveryTime,jdbcType=VARCHAR},
            </if>
            <if test="record.pmId != null">
                pm_id = #{record.pmId,jdbcType=VARCHAR},
            </if>
            <if test="record.tranmgrId != null">
                tranmgr_id = #{record.tranmgrId,jdbcType=VARCHAR},
            </if>
            <if test="record.isOnline != null">
                is_online = #{record.isOnline,jdbcType=VARCHAR},
            </if>
            <if test="record.projectType != null">
                project_type = #{record.projectType,jdbcType=VARCHAR},
            </if>
            <if test="record.realityHandfileTime != null">
                reality_handfile_time = #{record.realityHandfileTime,jdbcType=VARCHAR},
            </if>
            <if test="record.domain != null">
                domain = #{record.domain,jdbcType=VARCHAR},
            </if>
        </set>
        <if test="_parameter != null">
            <include refid="Update_By_Example_Where_Clause"/>
        </if>
    </update>
    <update id="updateByExample" parameterType="map">
        update pm_project_info
        set id = #{record.id,jdbcType=INTEGER},
        project_id = #{record.projectId,jdbcType=VARCHAR},
        project_name = #{record.projectName,jdbcType=VARCHAR},
        responsibility_type = #{record.responsibilityType,jdbcType=VARCHAR},
        customer_id = #{record.customerId,jdbcType=VARCHAR},
        customer_name = #{record.customerName,jdbcType=VARCHAR},
        estimate_word = #{record.estimateWord,jdbcType=VARCHAR},
        quality_grade = #{record.qualityGrade,jdbcType=VARCHAR},
        order_type = #{record.orderType,jdbcType=VARCHAR},
        order_remake = #{record.orderRemake,jdbcType=VARCHAR},
        source_lan = #{record.sourceLan,jdbcType=VARCHAR},
        target_lan = #{record.targetLan,jdbcType=VARCHAR},
        order_people = #{record.orderPeople,jdbcType=VARCHAR},
        order_time = #{record.orderTime,jdbcType=VARCHAR},
        delivery_time = #{record.deliveryTime,jdbcType=VARCHAR},
        pm_id = #{record.pmId,jdbcType=VARCHAR},
        tranmgr_id = #{record.tranmgrId,jdbcType=VARCHAR},
        is_online = #{record.isOnline,jdbcType=VARCHAR},
        project_type = #{record.projectType,jdbcType=VARCHAR},
        reality_handfile_time = #{record.realityHandfileTime,jdbcType=VARCHAR},
        domain = #{record.domain,jdbcType=VARCHAR}
        <if test="_parameter != null">
            <include refid="Update_By_Example_Where_Clause"/>
        </if>
    </update>
    <update id="updateByPrimaryKeySelective" parameterType="com.sy.pangu.pm.entity.PmProjectInfo">
        update pm_project_info
        <set>
            <if test="projectId != null">
                project_id = #{projectId,jdbcType=VARCHAR},
            </if>
            <if test="projectName != null">
                project_name = #{projectName,jdbcType=VARCHAR},
            </if>
            <if test="responsibilityType != null">
                responsibility_type = #{responsibilityType,jdbcType=VARCHAR},
            </if>
            <if test="customerId != null">
                customer_id = #{customerId,jdbcType=VARCHAR},
            </if>
            <if test="customerName != null">
                customer_name = #{customerName,jdbcType=VARCHAR},
            </if>
            <if test="estimateWord != null">
                estimate_word = #{estimateWord,jdbcType=VARCHAR},
            </if>
            <if test="qualityGrade != null">
                quality_grade = #{qualityGrade,jdbcType=VARCHAR},
            </if>
            <if test="orderType != null">
                order_type = #{orderType,jdbcType=VARCHAR},
            </if>
            <if test="orderRemake != null">
                order_remake = #{orderRemake,jdbcType=VARCHAR},
            </if>
            <if test="sourceLan != null">
                source_lan = #{sourceLan,jdbcType=VARCHAR},
            </if>
            <if test="targetLan != null">
                target_lan = #{targetLan,jdbcType=VARCHAR},
            </if>
            <if test="orderPeople != null">
                order_people = #{orderPeople,jdbcType=VARCHAR},
            </if>
            <if test="orderTime != null">
                order_time = #{orderTime,jdbcType=VARCHAR},
            </if>
            <if test="deliveryTime != null">
                delivery_time = #{deliveryTime,jdbcType=VARCHAR},
            </if>
            <if test="pmId != null">
                pm_id = #{pmId,jdbcType=VARCHAR},
            </if>
            <if test="tranmgrId != null">
                tranmgr_id = #{tranmgrId,jdbcType=VARCHAR},
            </if>
            <if test="isOnline != null">
                is_online = #{isOnline,jdbcType=VARCHAR},
            </if>
            <if test="projectType != null">
                project_type = #{projectType,jdbcType=VARCHAR},
            </if>
            <if test="realityHandfileTime != null">
                reality_handfile_time = #{realityHandfileTime,jdbcType=VARCHAR},
            </if>
            <if test="domain != null">
                domain = #{domain,jdbcType=VARCHAR},
            </if>
        </set>
        where id = #{id,jdbcType=INTEGER}
    </update>
    <update id="updateByPrimaryKey" parameterType="com.sy.pangu.pm.entity.PmProjectInfo">
        update pm_project_info
        set project_id            = #{projectId,jdbcType=VARCHAR},
            project_name          = #{projectName,jdbcType=VARCHAR},
            responsibility_type   = #{responsibilityType,jdbcType=VARCHAR},
            customer_id           = #{customerId,jdbcType=VARCHAR},
            customer_name         = #{customerName,jdbcType=VARCHAR},
            estimate_word         = #{estimateWord,jdbcType=VARCHAR},
            quality_grade         = #{qualityGrade,jdbcType=VARCHAR},
            order_type            = #{orderType,jdbcType=VARCHAR},
            order_remake          = #{orderRemake,jdbcType=VARCHAR},
            source_lan            = #{sourceLan,jdbcType=VARCHAR},
            target_lan            = #{targetLan,jdbcType=VARCHAR},
            order_people          = #{orderPeople,jdbcType=VARCHAR},
            order_time            = #{orderTime,jdbcType=VARCHAR},
            delivery_time         = #{deliveryTime,jdbcType=VARCHAR},
            pm_id                 = #{pmId,jdbcType=VARCHAR},
            tranmgr_id            = #{tranmgrId,jdbcType=VARCHAR},
            is_online             = #{isOnline,jdbcType=VARCHAR},
            project_type          = #{projectType,jdbcType=VARCHAR},
            reality_handfile_time = #{realityHandfileTime,jdbcType=VARCHAR},
            domain                = #{domain,jdbcType=VARCHAR}
        where id = #{id,jdbcType=INTEGER}
    </update>

    <!-- 跟进条件查询项目列表 -->
    <select id="listProject" parameterType="com.sy.pangu.pm.entity.vo.ProjectSearchModel" resultMap="BaseResultMap">
        select
        <include refid="Base_Column_List"/>
        from pm_project_info
        <where>
            <if test="projectSearchModel.pmProjectInfo.pmId != null">
                pm_id = #{projectSearchModel.pmProjectInfo.pmId}
            </if>
            <if test="projectSearchModel.pmProjectInfo.projectId != null">
                and project_id = #{projectSearchModel.pmProjectInfo.projectId}
            </if>
            <if test="projectSearchModel.pmProjectInfo.projectType != null">
                and project_type = #{projectSearchModel.pmProjectInfo.projectType}
            </if>
            <if test="projectSearchModel.pmProjectInfo.projectName != null">
                and project_name LIKE '%${projectSearchModel.pmProjectInfo.projectName}%'
            </if>
            <if test="projectSearchModel.pmProjectInfo.sourceLan != null">
                and source_lan = #{projectSearchModel.pmProjectInfo.sourceLan}
            </if>
            <if test="projectSearchModel.pmProjectInfo.targetLan != null">
                and target_lan = #{projectSearchModel.pmProjectInfo.targetLan}
            </if>
            <if test="projectSearchModel.pmProjectInfo.qualityGrade != null">
                and quality_grade = #{projectSearchModel.pmProjectInfo.qualityGrade}
            </if>
            <if test="projectSearchModel.pmProjectInfo.customerName != null">
                and customer_name LIKE '% ${projectSearchModel.pmProjectInfo.customerName} %'
            </if>
            <if test="projectSearchModel.pmProjectInfo.responsibilityType != null">
                and responsibility_type = #{projectSearchModel.pmProjectInfo.responsibilityType}
            </if>
            <if test="projectSearchModel.pmProjectInfo.domain != null">
                and domain = #{projectSearchModel.pmProjectInfo.domain}
            </if>
            <if test="projectSearchModel.deliveryStarT != null">
                and pm.delivery_time <![CDATA[ >= ]]> #{projectSearchModel.deliveryStarT}
            </if>
            <if test="projectSearchModel.deliveryEndT != null">
                and pm.delivery_time <![CDATA[ <= ]]> #{projectSearchModel.deliveryEndT}
            </if>
            <if test="projectSearchModel.estimateStarN != null">
                and pm.estimate_word <![CDATA[ >= ]]> #{projectSearchModel.estimateStarN}
            </if>
            <if test="projectSearchModel.estimateEndN != null">
                and pm.estimate_word <![CDATA[ <= ]]> #{projectSearchModel.estimateEndN}
            </if>
            <if test="projectSearchModel.orderStarT != null">
                and pm.order_time <![CDATA[ >= ]]> #{projectSearchModel.orderStarT}
            </if>
            <if test="projectSearchModel.orderEndT != null">
                and pm.order_time <![CDATA[ <= ]]> #{projectSearchModel.orderEndT}
            </if>
        </where>
        order by  #{sort}
    </select>

    <!-- 根据条件查询待分配列表-->
    <select id="listProjectBySplit" parameterType="com.sy.pangu.pm.entity.vo.ProjectSearchModel"
            resultMap="BaseResultMap">
        select pm.id, pm.project_id, pm.project_name, pm.responsibility_type, pm.customer_id, pm.customer_name,
        pm.estimate_word,
        pm.quality_grade, pm.order_type, pm.order_remake, pm.source_lan, pm.target_lan, pm.order_people, pm.order_time,
        pm.delivery_time, pm.pm_id, pm.tranmgr_id, pm.is_online, pm.project_type, pm.reality_handfile_time, pm.domain
        from pm_project_info pm
        LEFT JOIN pm_task_info ts on pm.project_id = ts.project_id
        LEFT JOIN pm_grabsheet gr on gr.task_id = ts.task_id
        <where>
            pm.pm_id = #{pmProjectInfo.pmId}
            and pm.project_type = #{pmProjectInfo.projectType} or ( pm.pm_id =#{pmProjectInfo.pmId} and ts.task_status =
            '00' and
            gr.remind_time <![CDATA[ < ]]> now() and pm.project_type = 1 )
            <if test="pmProjectInfo.projectId != null">
                and pm.project_id = #{pmProjectInfo.projectId}
            </if>
            <if test="pmProjectInfo.projectName != null">
                and pm.project_name LIKE '%${pmProjectInfo.projectName}%'
            </if>
            <if test="pmProjectInfo.sourceLan != null">
                and pm.source_lan = #{pmProjectInfo.sourceLan}
            </if>
            <if test="pmProjectInfo.targetLan != null">
                and pm.target_lan = #{pmProjectInfo.targetLan}
            </if>
            <if test="pmProjectInfo.qualityGrade != null">
                and pm.quality_grade = #{pmProjectInfo.qualityGrade}
            </if>
            <if test="pmProjectInfo.customerName != null">
                and pm.customer_name LIKE '% ${pmProjectInfo.customerName} %'
            </if>
            <if test="pmProjectInfo.responsibilityType != null">
                and pm.responsibility_type = #{pmProjectInfo.responsibilityType}
            </if>
            <if test="pmProjectInfo.domain != null">
                and pm.domain = #{pmProjectInfo.domain}
            </if>
            <if test="deliveryStarT != null">
                and pm.delivery_time <![CDATA[ >= ]]> #{deliveryStarT}
            </if>
            <if test="deliveryEndT != null">
                and pm.delivery_time <![CDATA[ <= ]]> #{deliveryEndT}
            </if>
            <if test="estimateStarN != null">
                and pm.estimate_word <![CDATA[ >= ]]> #{estimateStarN}
            </if>
            <if test="estimateEndN != null">
                and pm.estimate_word <![CDATA[ <= ]]> #{estimateEndN}
            </if>
            <if test="orderStarT != null">
                and pm.order_time <![CDATA[ >= ]]> #{orderStarT}
            </if>
            <if test="orderEndT != null">
                and pm.order_time <![CDATA[ <= ]]> #{orderEndT}
            </if>
        </where>
        order by pm.order_time desc
    </select>
    <!-- 根据项目经理id查询项目议员申请列表-->
    <select id="getProjectListByApply" parameterType="com.sy.pangu.pm.entity.vo.ProjectSearchModel" resultMap="BaseResultMap">
        SELECT
               pm.id,
               pm.project_id,
               pm.project_name,
               pm.responsibility_type,
               pm.customer_id,
               pm.customer_name,
               pm.estimate_word,
               pm.quality_grade,
               pm.order_type,
               pm.order_remake,
               pm.source_lan,
               pm.target_lan,
               pm.order_people,
               pm.order_time,
               pm.delivery_time,
               pm.pm_id,
               pm.tranmgr_id,
               pm.is_online,
               pm.project_type,
               pm.reality_handfile_time,
               pm.domain
        FROM
             pm_project_info pm
                 RIGHT JOIN ( SELECT project_id, max( apply_time ) AS apply_time FROM pm_task_apply_record WHERE apply_satus = '11' GROUP BY project_id ) AS pta ON pm.project_id = pta.project_id
        WHERE
                pm.pm_id = #{pmProjectInfo.pmId}
        <if test="pmProjectInfo.projectId != null">
            and pm.project_id = #{pmProjectInfo.projectId}
        </if>
        <if test="pmProjectInfo.projectName != null">
            and pm.project_name LIKE '%${pmProjectInfo.projectName}%'
        </if>
        <if test="pmProjectInfo.sourceLan != null">
            and pm.source_lan = #{pmProjectInfo.sourceLan}
        </if>
        <if test="pmProjectInfo.targetLan != null">
            and pm.target_lan = #{pmProjectInfo.targetLan}
        </if>
        <if test="pmProjectInfo.qualityGrade != null">
            and pm.quality_grade = #{pmProjectInfo.qualityGrade}
        </if>
        <if test="pmProjectInfo.customerName != null">
            and pm.customer_name LIKE '% ${pmProjectInfo.customerName} %'
        </if>
        <if test="pmProjectInfo.responsibilityType != null">
            and pm.responsibility_type = #{pmProjectInfo.responsibilityType}
        </if>
        <if test="pmProjectInfo.domain != null">
            and pm.domain = #{pmProjectInfo.domain}
        </if>
        <if test="deliveryStarT != null">
            and pm.delivery_time <![CDATA[ >= ]]> #{deliveryStarT}
        </if>
        <if test="deliveryEndT != null">
            and pm.delivery_time <![CDATA[ <= ]]> #{deliveryEndT}
        </if>
        <if test="estimateStarN != null">
            and pm.estimate_word <![CDATA[ >= ]]> #{estimateStarN}
        </if>
        <if test="estimateEndN != null">
            and pm.estimate_word <![CDATA[ <= ]]> #{estimateEndN}
        </if>
        <if test="orderStarT != null">
            and pm.order_time <![CDATA[ >= ]]> #{orderStarT}
        </if>
        <if test="orderEndT != null">
            and pm.order_time <![CDATA[ <= ]]> #{orderEndT}
        </if>
        ORDER BY
                 apply_time DESC
    </select>

    <!-- 项目转线下  ,把项目设置为线下-->
    <update id="updateProjectLine" parameterType="map">
        update pm_project_info
        set is_online    = 0,
            project_type = #{projectType}
        where project_id = #{projectId}
    </update>
    <!-- 项目详情——任务分配——项目终止-->
    <update id="stopProject" parameterType="map">
        update pm_project_info
        set project_type = #{projectType}
        where project_id = #{projectId}
    </update>

    <resultMap id="TaskSpiltResultMap" type="com.sy.pangu.pm.entity.vo.FileTaskSpiltVo">
        <result column="fileid" javaType="INTEGER" property="fileId"/>
        <result column="fileName" jdbcType="VARCHAR" property="fileName"/>
        <collection property="taskNodeVos" ofType="com.sy.pangu.pm.entity.vo.TaskNodeVo">
            <result column="taskType" jdbcType="VARCHAR" property="taskType"/>
            <result column="requireTime" jdbcType="VARCHAR" property="requireTime"/>

            <collection property="taskSpiltInfos" ofType="com.sy.pangu.pm.entity.vo.TaskSpiltStaffInfo">
                <result column="staffNum" jdbcType="VARCHAR" property="staffNum"/>
            </collection>
            <collection property="taskPackages" ofType="com.sy.pangu.pm.entity.vo.TaskPackageVo">
                <result column="packageName" jdbcType="VARCHAR" property="packageName"/>
                <result column="packageId" jdbcType="VARCHAR" property="packageId"/>
                <result column="packageorder" jdbcType="INTEGER" property="packageOrder"/>
                <result column="workload" jdbcType="VARCHAR" property="workLoad"/>
                <collection property="taskNodes" ofType="com.sy.pangu.pm.entity.vo.TaskNodeVo">
                    <result column="taskType_p" jdbcType="VARCHAR" property="taskType"/>
                    <result column="taskstatus" jdbcType="VARCHAR" property="taskStatus"/>
                    <result column="requireTime_p" jdbcType="VARCHAR" property="requireTime"/>
                    <result column="receivestaffnumlist" jdbcType="VARCHAR" property="receiveStaffNumList"/>
                    <result column="is_receive" jdbcType="VARCHAR" property="isReceive"/>
                    <collection property="taskSpiltInfos" ofType="com.sy.pangu.pm.entity.vo.TaskSpiltStaffInfo">
                        <result column="staffNum_p" jdbcType="VARCHAR" property="staffNum"/>
                    </collection>
                </collection>
            </collection>
        </collection>
    </resultMap>
    <!-- 任务分配列表 -->
    <select id="getTaskSpiltListByProjectId" resultMap="TaskSpiltResultMap" parameterType="java.lang.String">
        select f.file_id                   as fileId,
               f.file_name                 as fileName,
               case
                   when t.task_type = '2' then 'trans'
                   when t.task_type = '3' then 'trans'
                   when t.task_type = '4' then 'trans'
                   else t.task_type end    as taskType,
               case
                   when t.task_type = '2' then null
                   when t.task_type = '3' then null
                   when t.task_type = '4' then null
                   else t.require_time end as requireTime,
               case
                   when t.task_type = '2' then null
                   when t.task_type = '3' then null
                   when t.task_type = '4' then null
                   else t.staff_num end    as staffNum,
               t.task_package_id           as packageId,
               case
                   WHEN b.block_increase_id <![CDATA[ <> ]]>  '' THEN CONCAT(t.task_name, '-', b.block_increase_id)
                   ELSE t.task_name
                       END                 AS packageName,
               b.block_increase_id         AS packageorder,
               t.work_load                 AS workload,
               t.task_type                 as taskType_p,
               t.task_status               as taskstatus,
               t.require_time              as requireTime_p,
               t.staff_num                 as staffNum_p,
               pmg.staff_num               as receivestaffnumlist,
               pmg.task_status             as is_receive
        from pm_task_info t
                 left join pm_file f on f.file_id = t.file_id
                 LEFT JOIN pm_block_info b ON t.task_package_id = b.task_package_id
                 LEFT JOIN pm_file_flow ff ON ff.flow_id = t.flow_id
                 Left join pm_grabsheet pmg on pmg.task_id = t.task_id
        WHERE t.project_id = #{projectId}
          AND t.task_status  <![CDATA[ <> ]]>   '99'
          AND ff.is_use = '0'
          and ff.file_id = t.file_id
        ORDER BY f.file_id, ff.file_id, b.task_package_id
    </select>
    <resultMap id="ManuscriptToEcMap" type="com.sy.pangu.pm.entity.vo.ManuscriptToEcVo">
        <result column="file_id" jdbcType="INTEGER" property="fileId"/>
        <result column="upload_file_id" jdbcType="INTEGER" property="uploadFileId"/>
        <result column="file_name" jdbcType="VARCHAR" property="fileName"/>
        <result column="file_size" jdbcType="VARCHAR" property="fileSize"/>
        <result column="translation_num" jdbcType="INTEGER" property="translationNnum"/>
        <result column="pm_id" jdbcType="VARCHAR" property="pmId"/>
        <result column="delivery_time" jdbcType="VARCHAR" property="deliveryTime"/>
        <result column="real_complet_time" jdbcType="VARCHAR" property="realCompletTime"/>
        <collection property="dtptoECOfFileVos" ofType="com.sy.pangu.pm.entity.vo.DTPtoECOfFileVo">
            <result column="task_id" jdbcType="VARCHAR" property="taskId"/>
            <result column="handle_type" jdbcType="VARCHAR" property="handleType"/>
            <result column="final_workload" jdbcType="VARCHAR" property="final_workload"/>
            <result column="unit" jdbcType="VARCHAR" property="unit"/>
        </collection>
    </resultMap>
    <!-- 根据项目id，查询项目下交付文件，和工作量信息 -->
    <select id="getManuscriptToEc" parameterType="java.lang.String" resultMap="ManuscriptToEcMap">
        SELECT bbb.file_id,
               bbb.upload_file_id,
               bbb.file_name,
               bbb.file_size,
               bbb.translation_num,
               bbb.pm_id,
               bbb.delivery_time,
               bbb.real_complet_time,
               aaa.task_id,
               aaa.handle_type,
               aaa.final_workload,
               aaa.unit,
               aaa.unit_price
        FROM (SELECT pmt.task_id, pf.file_id, ptw.final_workload, spd.unit, spd.handle_type, spd.unit_price
              FROM pm_task_info pmt
                       LEFT JOIN pm_project_info pmp ON pmt.project_id = pmp.project_id
                       LEFT JOIN pm_file pf ON pmt.file_id = pf.file_id
                       LEFT JOIN pm_task_workload ptw ON ptw.task_id = pmt.task_id
                       LEFT JOIN sys_unit_price_dtp spd ON ptw.dtp_type = spd.handle_type
              WHERE pmp.project_id = #{projectId}
                AND pmt.task_type = '1'
                AND pmt.task_status = '23') AS aaa
                 LEFT JOIN (SELECT pmt.file_id,
                                   pmt.upload_file_id,
                                   pf.file_name,
                                   pf.file_size,
                                   ptd.translation_num,
                                   pmp.pm_id,
                                   pmp.delivery_time,
                                   pmt.real_complet_time
                            FROM pm_task_info pmt
                                     LEFT JOIN pm_project_info pmp ON pmt.project_id = pmp.project_id
                                     LEFT JOIN pm_file pf ON pmt.upload_file_id = pf.file_id
                                     LEFT JOIN pm_task_data ptd ON ptd.file_id = pmt.file_id
                            WHERE pmp.project_id = #{projectId}
                              AND pmt.task_type = '10'
                              AND pmt.task_status = '23') AS bbb ON aaa.file_id = bbb.file_id
    </select>

</mapper>