<?xml version="1.0" encoding="UTF-8"?>
<!DOCTYPE mapper PUBLIC "-//mybatis.org//DTD Mapper 3.0//EN" "http://mybatis.org/dtd/mybatis-3-mapper.dtd">
<mapper namespace="com.sy.pangu.pm.mapper.PmSysTaskMapper">
  <resultMap id="BaseResultMap" type="com.sy.pangu.pm.entity.PmSysTask">
    <id column="id" jdbcType="INTEGER" property="id" />
    <result column="task_name" jdbcType="VARCHAR" property="taskName" />
    <result column="is_use" jdbcType="TINYINT" property="isUse" />
    <result column="task_type" jdbcType="VARCHAR" property="taskType" />
  </resultMap>
  <sql id="Example_Where_Clause">
    <where>
      <foreach collection="oredCriteria" item="criteria" separator="or">
        <if test="criteria.valid">
          <trim prefix="(" prefixOverrides="and" suffix=")">
            <foreach collection="criteria.criteria" item="criterion">
              <choose>
                <when test="criterion.noValue">
                  and ${criterion.condition}
                </when>
                <when test="criterion.singleValue">
                  and ${criterion.condition} #{criterion.value}
                </when>
                <when test="criterion.betweenValue">
                  and ${criterion.condition} #{criterion.value} and #{criterion.secondValue}
                </when>
                <when test="criterion.listValue">
                  and ${criterion.condition}
                  <foreach close=")" collection="criterion.value" item="listItem" open="(" separator=",">
                    #{listItem}
                  </foreach>
                </when>
              </choose>
            </foreach>
          </trim>
        </if>
      </foreach>
    </where>
  </sql>
  <sql id="Update_By_Example_Where_Clause">
    <where>
      <foreach collection="example.oredCriteria" item="criteria" separator="or">
        <if test="criteria.valid">
          <trim prefix="(" prefixOverrides="and" suffix=")">
            <foreach collection="criteria.criteria" item="criterion">
              <choose>
                <when test="criterion.noValue">
                  and ${criterion.condition}
                </when>
                <when test="criterion.singleValue">
                  and ${criterion.condition} #{criterion.value}
                </when>
                <when test="criterion.betweenValue">
                  and ${criterion.condition} #{criterion.value} and #{criterion.secondValue}
                </when>
                <when test="criterion.listValue">
                  and ${criterion.condition}
                  <foreach close=")" collection="criterion.value" item="listItem" open="(" separator=",">
                    #{listItem}
                  </foreach>
                </when>
              </choose>
            </foreach>
          </trim>
        </if>
      </foreach>
    </where>
  </sql>
  <sql id="Base_Column_List">
    id, task_name, is_use, task_type
  </sql>
  <select id="selectByExample" parameterType="com.sy.pangu.pm.entity.example.PmSysTaskExample" resultMap="BaseResultMap">
    select
    <if test="distinct">
      distinct
    </if>
    <include refid="Base_Column_List" />
    from pm_sys_task
    <if test="_parameter != null">
      <include refid="Example_Where_Clause" />
    </if>
    <if test="orderByClause != null">
      order by ${orderByClause}
    </if>
  </select>
  <select id="selectByPrimaryKey" parameterType="java.lang.Integer" resultMap="BaseResultMap">
    select 
    <include refid="Base_Column_List" />
    from pm_sys_task
    where id = #{id,jdbcType=INTEGER}
  </select>
  <delete id="deleteByPrimaryKey" parameterType="java.lang.Integer">
    delete from pm_sys_task
    where id = #{id,jdbcType=INTEGER}
  </delete>
  <delete id="deleteByExample" parameterType="com.sy.pangu.pm.entity.example.PmSysTaskExample">
    delete from pm_sys_task
    <if test="_parameter != null">
      <include refid="Example_Where_Clause" />
    </if>
  </delete>
  <insert id="insert" parameterType="com.sy.pangu.pm.entity.PmSysTask">
    insert into pm_sys_task (id, task_name, is_use, 
      task_type)
    values (#{id,jdbcType=INTEGER}, #{taskName,jdbcType=VARCHAR}, #{isUse,jdbcType=TINYINT}, 
      #{taskType,jdbcType=VARCHAR})
  </insert>
  <insert id="insertSelective" parameterType="com.sy.pangu.pm.entity.PmSysTask">
    insert into pm_sys_task
    <trim prefix="(" suffix=")" suffixOverrides=",">
      <if test="id != null">
        id,
      </if>
      <if test="taskName != null">
        task_name,
      </if>
      <if test="isUse != null">
        is_use,
      </if>
      <if test="taskType != null">
        task_type,
      </if>
    </trim>
    <trim prefix="values (" suffix=")" suffixOverrides=",">
      <if test="id != null">
        #{id,jdbcType=INTEGER},
      </if>
      <if test="taskName != null">
        #{taskName,jdbcType=VARCHAR},
      </if>
      <if test="isUse != null">
        #{isUse,jdbcType=TINYINT},
      </if>
      <if test="taskType != null">
        #{taskType,jdbcType=VARCHAR},
      </if>
    </trim>
  </insert>
  <select id="countByExample" parameterType="com.sy.pangu.pm.entity.example.PmSysTaskExample" resultType="java.lang.Long">
    select count(*) from pm_sys_task
    <if test="_parameter != null">
      <include refid="Example_Where_Clause" />
    </if>
  </select>
  <update id="updateByExampleSelective" parameterType="map">
    update pm_sys_task
    <set>
      <if test="record.id != null">
        id = #{record.id,jdbcType=INTEGER},
      </if>
      <if test="record.taskName != null">
        task_name = #{record.taskName,jdbcType=VARCHAR},
      </if>
      <if test="record.isUse != null">
        is_use = #{record.isUse,jdbcType=TINYINT},
      </if>
      <if test="record.taskType != null">
        task_type = #{record.taskType,jdbcType=VARCHAR},
      </if>
    </set>
    <if test="_parameter != null">
      <include refid="Update_By_Example_Where_Clause" />
    </if>
  </update>
  <update id="updateByExample" parameterType="map">
    update pm_sys_task
    set id = #{record.id,jdbcType=INTEGER},
      task_name = #{record.taskName,jdbcType=VARCHAR},
      is_use = #{record.isUse,jdbcType=TINYINT},
      task_type = #{record.taskType,jdbcType=VARCHAR}
    <if test="_parameter != null">
      <include refid="Update_By_Example_Where_Clause" />
    </if>
  </update>
  <update id="updateByPrimaryKeySelective" parameterType="com.sy.pangu.pm.entity.PmSysTask">
    update pm_sys_task
    <set>
      <if test="taskName != null">
        task_name = #{taskName,jdbcType=VARCHAR},
      </if>
      <if test="isUse != null">
        is_use = #{isUse,jdbcType=TINYINT},
      </if>
      <if test="taskType != null">
        task_type = #{taskType,jdbcType=VARCHAR},
      </if>
    </set>
    where id = #{id,jdbcType=INTEGER}
  </update>
  <update id="updateByPrimaryKey" parameterType="com.sy.pangu.pm.entity.PmSysTask">
    update pm_sys_task
    set task_name = #{taskName,jdbcType=VARCHAR},
      is_use = #{isUse,jdbcType=TINYINT},
      task_type = #{taskType,jdbcType=VARCHAR}
    where id = #{id,jdbcType=INTEGER}
  </update>
  <select id="selectAll" resultType="com.sy.pangu.pm.entity.PmSysTask">
    select 0 as id, is_use as isUse, task_name as taskName, task_type as taskType
    from pm_sys_task
  </select>
</mapper>