<?xml version="1.0" encoding="UTF-8"?>
<!DOCTYPE mapper PUBLIC "-//mybatis.org//DTD Mapper 3.0//EN" "http://mybatis.org/dtd/mybatis-3-mapper.dtd">
<mapper namespace="com.sy.pangu.pm.mapper.PmTaskDataMapper">
  <resultMap id="BaseResultMap" type="com.sy.pangu.pm.entity.PmTaskData">
    <id column="id" jdbcType="INTEGER" property="id" />
    <result column="project_id" jdbcType="VARCHAR" property="projectId" />
    <result column="file_id" jdbcType="INTEGER" property="fileId" />
    <result column="task_id" jdbcType="VARCHAR" property="taskId" />
    <result column="actual_word_num" jdbcType="INTEGER" property="actualWordNum" />
    <result column="duplicate_num" jdbcType="INTEGER" property="duplicateNum" />
    <result column="translation_num" jdbcType="INTEGER" property="translationNum" />
  </resultMap>
  <sql id="Example_Where_Clause">
    <where>
      <foreach collection="oredCriteria" item="criteria" separator="or">
        <if test="criteria.valid">
          <trim prefix="(" prefixOverrides="and" suffix=")">
            <foreach collection="criteria.criteria" item="criterion">
              <choose>
                <when test="criterion.noValue">
                  and ${criterion.condition}
                </when>
                <when test="criterion.singleValue">
                  and ${criterion.condition} #{criterion.value}
                </when>
                <when test="criterion.betweenValue">
                  and ${criterion.condition} #{criterion.value} and #{criterion.secondValue}
                </when>
                <when test="criterion.listValue">
                  and ${criterion.condition}
                  <foreach close=")" collection="criterion.value" item="listItem" open="(" separator=",">
                    #{listItem}
                  </foreach>
                </when>
              </choose>
            </foreach>
          </trim>
        </if>
      </foreach>
    </where>
  </sql>
  <sql id="Update_By_Example_Where_Clause">
    <where>
      <foreach collection="example.oredCriteria" item="criteria" separator="or">
        <if test="criteria.valid">
          <trim prefix="(" prefixOverrides="and" suffix=")">
            <foreach collection="criteria.criteria" item="criterion">
              <choose>
                <when test="criterion.noValue">
                  and ${criterion.condition}
                </when>
                <when test="criterion.singleValue">
                  and ${criterion.condition} #{criterion.value}
                </when>
                <when test="criterion.betweenValue">
                  and ${criterion.condition} #{criterion.value} and #{criterion.secondValue}
                </when>
                <when test="criterion.listValue">
                  and ${criterion.condition}
                  <foreach close=")" collection="criterion.value" item="listItem" open="(" separator=",">
                    #{listItem}
                  </foreach>
                </when>
              </choose>
            </foreach>
          </trim>
        </if>
      </foreach>
    </where>
  </sql>
  <sql id="Base_Column_List">
    id, project_id, file_id, task_id, actual_word_num, duplicate_num, translation_num
  </sql>
  <select id="selectByExample" parameterType="com.sy.pangu.pm.entity.example.PmTaskDataExample" resultMap="BaseResultMap">
    select
    <if test="distinct">
      distinct
    </if>
    <include refid="Base_Column_List" />
    from pm_task_data
    <if test="_parameter != null">
      <include refid="Example_Where_Clause" />
    </if>
    <if test="orderByClause != null">
      order by ${orderByClause}
    </if>
  </select>
  <select id="selectByPrimaryKey" parameterType="java.lang.Integer" resultMap="BaseResultMap">
    select 
    <include refid="Base_Column_List" />
    from pm_task_data
    where id = #{id,jdbcType=INTEGER}
  </select>
  <delete id="deleteByPrimaryKey" parameterType="java.lang.Integer">
    delete from pm_task_data
    where id = #{id,jdbcType=INTEGER}
  </delete>
  <delete id="deleteByExample" parameterType="com.sy.pangu.pm.entity.example.PmTaskDataExample">
    delete from pm_task_data
    <if test="_parameter != null">
      <include refid="Example_Where_Clause" />
    </if>
  </delete>
  <insert id="insert" parameterType="com.sy.pangu.pm.entity.PmTaskData">
    insert into pm_task_data (id, project_id, file_id, 
      task_id, actual_word_num, duplicate_num, 
      translation_num)
    values (#{id,jdbcType=INTEGER}, #{projectId,jdbcType=VARCHAR}, #{fileId,jdbcType=INTEGER}, 
      #{taskId,jdbcType=VARCHAR}, #{actualWordNum,jdbcType=INTEGER}, #{duplicateNum,jdbcType=INTEGER}, 
      #{translationNum,jdbcType=INTEGER})
  </insert>
  <insert id="insertSelective" parameterType="com.sy.pangu.pm.entity.PmTaskData">
    insert into pm_task_data
    <trim prefix="(" suffix=")" suffixOverrides=",">
      <if test="id != null">
        id,
      </if>
      <if test="projectId != null">
        project_id,
      </if>
      <if test="fileId != null">
        file_id,
      </if>
      <if test="taskId != null">
        task_id,
      </if>
      <if test="actualWordNum != null">
        actual_word_num,
      </if>
      <if test="duplicateNum != null">
        duplicate_num,
      </if>
      <if test="translationNum != null">
        translation_num,
      </if>
    </trim>
    <trim prefix="values (" suffix=")" suffixOverrides=",">
      <if test="id != null">
        #{id,jdbcType=INTEGER},
      </if>
      <if test="projectId != null">
        #{projectId,jdbcType=VARCHAR},
      </if>
      <if test="fileId != null">
        #{fileId,jdbcType=INTEGER},
      </if>
      <if test="taskId != null">
        #{taskId,jdbcType=VARCHAR},
      </if>
      <if test="actualWordNum != null">
        #{actualWordNum,jdbcType=INTEGER},
      </if>
      <if test="duplicateNum != null">
        #{duplicateNum,jdbcType=INTEGER},
      </if>
      <if test="translationNum != null">
        #{translationNum,jdbcType=INTEGER},
      </if>
    </trim>
  </insert>
  <select id="countByExample" parameterType="com.sy.pangu.pm.entity.example.PmTaskDataExample" resultType="java.lang.Long">
    select count(*) from pm_task_data
    <if test="_parameter != null">
      <include refid="Example_Where_Clause" />
    </if>
  </select>
  <update id="updateByExampleSelective" parameterType="map">
    update pm_task_data
    <set>
      <if test="record.id != null">
        id = #{record.id,jdbcType=INTEGER},
      </if>
      <if test="record.projectId != null">
        project_id = #{record.projectId,jdbcType=VARCHAR},
      </if>
      <if test="record.fileId != null">
        file_id = #{record.fileId,jdbcType=INTEGER},
      </if>
      <if test="record.taskId != null">
        task_id = #{record.taskId,jdbcType=VARCHAR},
      </if>
      <if test="record.actualWordNum != null">
        actual_word_num = #{record.actualWordNum,jdbcType=INTEGER},
      </if>
      <if test="record.duplicateNum != null">
        duplicate_num = #{record.duplicateNum,jdbcType=INTEGER},
      </if>
      <if test="record.translationNum != null">
        translation_num = #{record.translationNum,jdbcType=INTEGER},
      </if>
    </set>
    <if test="_parameter != null">
      <include refid="Update_By_Example_Where_Clause" />
    </if>
  </update>
  <update id="updateByExample" parameterType="map">
    update pm_task_data
    set id = #{record.id,jdbcType=INTEGER},
      project_id = #{record.projectId,jdbcType=VARCHAR},
      file_id = #{record.fileId,jdbcType=INTEGER},
      task_id = #{record.taskId,jdbcType=VARCHAR},
      actual_word_num = #{record.actualWordNum,jdbcType=INTEGER},
      duplicate_num = #{record.duplicateNum,jdbcType=INTEGER},
      translation_num = #{record.translationNum,jdbcType=INTEGER}
    <if test="_parameter != null">
      <include refid="Update_By_Example_Where_Clause" />
    </if>
  </update>
  <update id="updateByPrimaryKeySelective" parameterType="com.sy.pangu.pm.entity.PmTaskData">
    update pm_task_data
    <set>
      <if test="projectId != null">
        project_id = #{projectId,jdbcType=VARCHAR},
      </if>
      <if test="fileId != null">
        file_id = #{fileId,jdbcType=INTEGER},
      </if>
      <if test="taskId != null">
        task_id = #{taskId,jdbcType=VARCHAR},
      </if>
      <if test="actualWordNum != null">
        actual_word_num = #{actualWordNum,jdbcType=INTEGER},
      </if>
      <if test="duplicateNum != null">
        duplicate_num = #{duplicateNum,jdbcType=INTEGER},
      </if>
      <if test="translationNum != null">
        translation_num = #{translationNum,jdbcType=INTEGER},
      </if>
    </set>
    where id = #{id,jdbcType=INTEGER}
  </update>
  <update id="updateByPrimaryKey" parameterType="com.sy.pangu.pm.entity.PmTaskData">
    update pm_task_data
    set project_id = #{projectId,jdbcType=VARCHAR},
      file_id = #{fileId,jdbcType=INTEGER},
      task_id = #{taskId,jdbcType=VARCHAR},
      actual_word_num = #{actualWordNum,jdbcType=INTEGER},
      duplicate_num = #{duplicateNum,jdbcType=INTEGER},
      translation_num = #{translationNum,jdbcType=INTEGER}
    where id = #{id,jdbcType=INTEGER}
  </update>
  <select id="selectTotalWord" parameterType="java.lang.String" resultType="java.util.Map">
    select
    sum(actual_word_num) as acutalWord,
    sum(translation_num) as translationWord
    from pm_task_data
    where
    project_id = #{projectId,jdbcType=VARCHAR}
    group by project_id
  </select>
  <select id="selectDTPLoadInfo" parameterType="java.util.Map" resultType="com.sy.pangu.pm.entity.vo.WorkLoadVo">
    SELECT
    pm_task_info.task_id AS taskId,
    pm_sys_task.task_name AS taskName,
    pm_task_workload.work_type AS taskType,
    staff_num AS handleCode,
    pm_id AS allotCode,
    GROUP_CONCAT(
    CASE
    WHEN final_workload is not NULL THEN
    CONCAT(
    dtp_type,
    ':',
    final_workload
    )
    WHEN actual_workload is not NULL THEN
    CONCAT(
    dtp_type,
    ':',
    actual_workload
    )
    ELSE
    CONCAT(dtp_type, ':', estimate_workload)
    END
    ) AS workLoad,
    ratio,
    sum(
    ratio * unit_price * (
    CASE
    WHEN final_workload is not NULL THEN
    final_workload
    WHEN actual_workload is not NULL THEN
    actual_workload
    ELSE
    estimate_workload
    END
    ) / 100
    ) AS totalRatio,
    distribution_time AS disTime,
    require_time AS requireTime,
    real_complet_time AS realCompleteTime
    FROM

    pm_project_info
JOIN pm_task_info ON pm_project_info.project_id = pm_task_info.project_id
JOIN pm_task_workload ON pm_task_workload.task_id = pm_task_info.task_id
JOIN pm_sys_task ON pm_sys_task.id = pm_task_workload.work_type
WHERE
   pm_project_info.project_id = #{projectId,jdbcType=VARCHAR}
   AND pm_task_info.task_status != #{taskStatus,jdbcType=VARCHAR}
   AND pm_task_workload.work_type in
    <foreach collection="list" separator="," item="item" open="(" close=")">
        ${item}
    </foreach>
GROUP BY
	pm_task_info.task_id,
	pm_sys_task.task_name,
	pm_task_workload.work_type,
	staff_num,
	pm_id,
	ratio,
	distribution_time,
	require_time,
	real_complet_time
  </select>
  <select id="selectTransLoadInfo" parameterType="java.util.Map" resultType="com.sy.pangu.pm.entity.vo.WorkLoadVo">
    SELECT
	pm_task_info.task_id AS taskId,
	pm_sys_task.task_name AS taskName,
	pm_task_workload.work_type AS taskType,
	staff_num AS handleCode,
	pm_id AS allotCode,
    work_load as workLoad,
    unit_price as unitPrice,
	ratio,
	ratio * work_load AS totalRatio,
	distribution_time AS disTime,
	require_time AS requireTime,
	real_complet_time AS realCompleteTime
FROM
	pm_project_info
JOIN pm_task_info ON pm_project_info.project_id = pm_task_info.project_id
JOIN pm_task_workload ON pm_task_workload.task_id = pm_task_info.task_id
JOIN pm_sys_task ON pm_sys_task.id = pm_task_workload.work_type
where
  pm_project_info.project_id = #{projectId,jdbcType=VARCHAR}
  AND pm_task_info.task_status != #{taskStatus,jdbcType=VARCHAR}
  AND pm_task_workload.work_type not in
      <foreach collection="list" separator="," item="item" open="(" close=")">
          ${item}
      </foreach>
  </select>
</mapper>