<?xml version="1.0" encoding="UTF-8"?>
<!DOCTYPE mapper PUBLIC "-//mybatis.org//DTD Mapper 3.0//EN" "http://mybatis.org/dtd/mybatis-3-mapper.dtd">
<mapper namespace="com.sy.pangu.pm.mapper.PmTaskWorkloadMapper">
  <resultMap id="BaseResultMap" type="com.sy.pangu.pm.entity.PmTaskWorkload">
    <id column="id" jdbcType="INTEGER" property="id" />
    <result column="task_id" jdbcType="VARCHAR" property="taskId" />
    <result column="work_type" jdbcType="VARCHAR" property="workType" />
    <result column="estimate_workload" jdbcType="VARCHAR" property="estimateWorkload" />
    <result column="actual_workload" jdbcType="VARCHAR" property="actualWorkload" />
    <result column="final_workload" jdbcType="VARCHAR" property="finalWorkload" />
    <result column="add_time" jdbcType="VARCHAR" property="addTime" />
    <result column="final_modifierid" jdbcType="VARCHAR" property="finalModifierid" />
    <result column="ratio" jdbcType="VARCHAR" property="ratio" />
    <result column="unit_price" jdbcType="VARCHAR" property="unitPrice" />
    <result column="dtp_type" jdbcType="VARCHAR" property="dtpType" />
    <result column="datachar1" jdbcType="VARCHAR" property="datachar1" />
    <result column="datachar2" jdbcType="VARCHAR" property="datachar2" />
  </resultMap>
  <sql id="Example_Where_Clause">
    <where>
      <foreach collection="oredCriteria" item="criteria" separator="or">
        <if test="criteria.valid">
          <trim prefix="(" prefixOverrides="and" suffix=")">
            <foreach collection="criteria.criteria" item="criterion">
              <choose>
                <when test="criterion.noValue">
                  and ${criterion.condition}
                </when>
                <when test="criterion.singleValue">
                  and ${criterion.condition} #{criterion.value}
                </when>
                <when test="criterion.betweenValue">
                  and ${criterion.condition} #{criterion.value} and #{criterion.secondValue}
                </when>
                <when test="criterion.listValue">
                  and ${criterion.condition}
                  <foreach close=")" collection="criterion.value" item="listItem" open="(" separator=",">
                    #{listItem}
                  </foreach>
                </when>
              </choose>
            </foreach>
          </trim>
        </if>
      </foreach>
    </where>
  </sql>
  <sql id="Update_By_Example_Where_Clause">
    <where>
      <foreach collection="example.oredCriteria" item="criteria" separator="or">
        <if test="criteria.valid">
          <trim prefix="(" prefixOverrides="and" suffix=")">
            <foreach collection="criteria.criteria" item="criterion">
              <choose>
                <when test="criterion.noValue">
                  and ${criterion.condition}
                </when>
                <when test="criterion.singleValue">
                  and ${criterion.condition} #{criterion.value}
                </when>
                <when test="criterion.betweenValue">
                  and ${criterion.condition} #{criterion.value} and #{criterion.secondValue}
                </when>
                <when test="criterion.listValue">
                  and ${criterion.condition}
                  <foreach close=")" collection="criterion.value" item="listItem" open="(" separator=",">
                    #{listItem}
                  </foreach>
                </when>
              </choose>
            </foreach>
          </trim>
        </if>
      </foreach>
    </where>
  </sql>
  <sql id="Base_Column_List">
    id, task_id, work_type, estimate_workload, actual_workload, final_workload, add_time, 
    final_modifierid, ratio, unit_price, dtp_type, datachar1, datachar2
  </sql>
  <select id="selectByExample" parameterType="com.sy.pangu.pm.entity.example.PmTaskWorkloadExample" resultMap="BaseResultMap">
    select
    <if test="distinct">
      distinct
    </if>
    <include refid="Base_Column_List" />
    from pm_task_workload
    <if test="_parameter != null">
      <include refid="Example_Where_Clause" />
    </if>
    <if test="orderByClause != null">
      order by ${orderByClause}
    </if>
  </select>
  <select id="selectByPrimaryKey" parameterType="java.lang.Integer" resultMap="BaseResultMap">
    select 
    <include refid="Base_Column_List" />
    from pm_task_workload
    where id = #{id,jdbcType=INTEGER}
  </select>
  <delete id="deleteByPrimaryKey" parameterType="java.lang.Integer">
    delete from pm_task_workload
    where id = #{id,jdbcType=INTEGER}
  </delete>
  <delete id="deleteByExample" parameterType="com.sy.pangu.pm.entity.example.PmTaskWorkloadExample">
    delete from pm_task_workload
    <if test="_parameter != null">
      <include refid="Example_Where_Clause" />
    </if>
  </delete>
  <insert id="insert" parameterType="com.sy.pangu.pm.entity.PmTaskWorkload">
    insert into pm_task_workload (id, task_id, work_type, 
      estimate_workload, actual_workload, final_workload, 
      add_time, final_modifierid, ratio, 
      unit_price, dtp_type, datachar1, 
      datachar2)
    values (#{id,jdbcType=INTEGER}, #{taskId,jdbcType=VARCHAR}, #{workType,jdbcType=VARCHAR}, 
      #{estimateWorkload,jdbcType=VARCHAR}, #{actualWorkload,jdbcType=VARCHAR}, #{finalWorkload,jdbcType=VARCHAR}, 
      #{addTime,jdbcType=VARCHAR}, #{finalModifierid,jdbcType=VARCHAR}, #{ratio,jdbcType=VARCHAR}, 
      #{unitPrice,jdbcType=VARCHAR}, #{dtpType,jdbcType=VARCHAR}, #{datachar1,jdbcType=VARCHAR}, 
      #{datachar2,jdbcType=VARCHAR})
  </insert>
  <insert id="insertSelective" parameterType="com.sy.pangu.pm.entity.PmTaskWorkload">
    insert into pm_task_workload
    <trim prefix="(" suffix=")" suffixOverrides=",">
      <if test="id != null">
        id,
      </if>
      <if test="taskId != null">
        task_id,
      </if>
      <if test="workType != null">
        work_type,
      </if>
      <if test="estimateWorkload != null">
        estimate_workload,
      </if>
      <if test="actualWorkload != null">
        actual_workload,
      </if>
      <if test="finalWorkload != null">
        final_workload,
      </if>
      <if test="addTime != null">
        add_time,
      </if>
      <if test="finalModifierid != null">
        final_modifierid,
      </if>
      <if test="ratio != null">
        ratio,
      </if>
      <if test="unitPrice != null">
        unit_price,
      </if>
      <if test="dtpType != null">
        dtp_type,
      </if>
      <if test="datachar1 != null">
        datachar1,
      </if>
      <if test="datachar2 != null">
        datachar2,
      </if>
    </trim>
    <trim prefix="values (" suffix=")" suffixOverrides=",">
      <if test="id != null">
        #{id,jdbcType=INTEGER},
      </if>
      <if test="taskId != null">
        #{taskId,jdbcType=VARCHAR},
      </if>
      <if test="workType != null">
        #{workType,jdbcType=VARCHAR},
      </if>
      <if test="estimateWorkload != null">
        #{estimateWorkload,jdbcType=VARCHAR},
      </if>
      <if test="actualWorkload != null">
        #{actualWorkload,jdbcType=VARCHAR},
      </if>
      <if test="finalWorkload != null">
        #{finalWorkload,jdbcType=VARCHAR},
      </if>
      <if test="addTime != null">
        #{addTime,jdbcType=VARCHAR},
      </if>
      <if test="finalModifierid != null">
        #{finalModifierid,jdbcType=VARCHAR},
      </if>
      <if test="ratio != null">
        #{ratio,jdbcType=VARCHAR},
      </if>
      <if test="unitPrice != null">
        #{unitPrice,jdbcType=VARCHAR},
      </if>
      <if test="dtpType != null">
        #{dtpType,jdbcType=VARCHAR},
      </if>
      <if test="datachar1 != null">
        #{datachar1,jdbcType=VARCHAR},
      </if>
      <if test="datachar2 != null">
        #{datachar2,jdbcType=VARCHAR},
      </if>
    </trim>
  </insert>
  <select id="countByExample" parameterType="com.sy.pangu.pm.entity.example.PmTaskWorkloadExample" resultType="java.lang.Long">
    select count(*) from pm_task_workload
    <if test="_parameter != null">
      <include refid="Example_Where_Clause" />
    </if>
  </select>
  <update id="updateByExampleSelective" parameterType="map">
    update pm_task_workload
    <set>
      <if test="record.id != null">
        id = #{record.id,jdbcType=INTEGER},
      </if>
      <if test="record.taskId != null">
        task_id = #{record.taskId,jdbcType=VARCHAR},
      </if>
      <if test="record.workType != null">
        work_type = #{record.workType,jdbcType=VARCHAR},
      </if>
      <if test="record.estimateWorkload != null">
        estimate_workload = #{record.estimateWorkload,jdbcType=VARCHAR},
      </if>
      <if test="record.actualWorkload != null">
        actual_workload = #{record.actualWorkload,jdbcType=VARCHAR},
      </if>
      <if test="record.finalWorkload != null">
        final_workload = #{record.finalWorkload,jdbcType=VARCHAR},
      </if>
      <if test="record.addTime != null">
        add_time = #{record.addTime,jdbcType=VARCHAR},
      </if>
      <if test="record.finalModifierid != null">
        final_modifierid = #{record.finalModifierid,jdbcType=VARCHAR},
      </if>
      <if test="record.ratio != null">
        ratio = #{record.ratio,jdbcType=VARCHAR},
      </if>
      <if test="record.unitPrice != null">
        unit_price = #{record.unitPrice,jdbcType=VARCHAR},
      </if>
      <if test="record.dtpType != null">
        dtp_type = #{record.dtpType,jdbcType=VARCHAR},
      </if>
      <if test="record.datachar1 != null">
        datachar1 = #{record.datachar1,jdbcType=VARCHAR},
      </if>
      <if test="record.datachar2 != null">
        datachar2 = #{record.datachar2,jdbcType=VARCHAR},
      </if>
    </set>
    <if test="_parameter != null">
      <include refid="Update_By_Example_Where_Clause" />
    </if>
  </update>
  <update id="updateByExample" parameterType="map">
    update pm_task_workload
    set id = #{record.id,jdbcType=INTEGER},
      task_id = #{record.taskId,jdbcType=VARCHAR},
      work_type = #{record.workType,jdbcType=VARCHAR},
      estimate_workload = #{record.estimateWorkload,jdbcType=VARCHAR},
      actual_workload = #{record.actualWorkload,jdbcType=VARCHAR},
      final_workload = #{record.finalWorkload,jdbcType=VARCHAR},
      add_time = #{record.addTime,jdbcType=VARCHAR},
      final_modifierid = #{record.finalModifierid,jdbcType=VARCHAR},
      ratio = #{record.ratio,jdbcType=VARCHAR},
      unit_price = #{record.unitPrice,jdbcType=VARCHAR},
      dtp_type = #{record.dtpType,jdbcType=VARCHAR},
      datachar1 = #{record.datachar1,jdbcType=VARCHAR},
      datachar2 = #{record.datachar2,jdbcType=VARCHAR}
    <if test="_parameter != null">
      <include refid="Update_By_Example_Where_Clause" />
    </if>
  </update>
  <update id="updateByPrimaryKeySelective" parameterType="com.sy.pangu.pm.entity.PmTaskWorkload">
    update pm_task_workload
    <set>
      <if test="taskId != null">
        task_id = #{taskId,jdbcType=VARCHAR},
      </if>
      <if test="workType != null">
        work_type = #{workType,jdbcType=VARCHAR},
      </if>
      <if test="estimateWorkload != null">
        estimate_workload = #{estimateWorkload,jdbcType=VARCHAR},
      </if>
      <if test="actualWorkload != null">
        actual_workload = #{actualWorkload,jdbcType=VARCHAR},
      </if>
      <if test="finalWorkload != null">
        final_workload = #{finalWorkload,jdbcType=VARCHAR},
      </if>
      <if test="addTime != null">
        add_time = #{addTime,jdbcType=VARCHAR},
      </if>
      <if test="finalModifierid != null">
        final_modifierid = #{finalModifierid,jdbcType=VARCHAR},
      </if>
      <if test="ratio != null">
        ratio = #{ratio,jdbcType=VARCHAR},
      </if>
      <if test="unitPrice != null">
        unit_price = #{unitPrice,jdbcType=VARCHAR},
      </if>
      <if test="dtpType != null">
        dtp_type = #{dtpType,jdbcType=VARCHAR},
      </if>
      <if test="datachar1 != null">
        datachar1 = #{datachar1,jdbcType=VARCHAR},
      </if>
      <if test="datachar2 != null">
        datachar2 = #{datachar2,jdbcType=VARCHAR},
      </if>
    </set>
    where id = #{id,jdbcType=INTEGER}
  </update>
  <update id="updateByPrimaryKey" parameterType="com.sy.pangu.pm.entity.PmTaskWorkload">
    update pm_task_workload
    set task_id = #{taskId,jdbcType=VARCHAR},
      work_type = #{workType,jdbcType=VARCHAR},
      estimate_workload = #{estimateWorkload,jdbcType=VARCHAR},
      actual_workload = #{actualWorkload,jdbcType=VARCHAR},
      final_workload = #{finalWorkload,jdbcType=VARCHAR},
      add_time = #{addTime,jdbcType=VARCHAR},
      final_modifierid = #{finalModifierid,jdbcType=VARCHAR},
      ratio = #{ratio,jdbcType=VARCHAR},
      unit_price = #{unitPrice,jdbcType=VARCHAR},
      dtp_type = #{dtpType,jdbcType=VARCHAR},
      datachar1 = #{datachar1,jdbcType=VARCHAR},
      datachar2 = #{datachar2,jdbcType=VARCHAR}
    where id = #{id,jdbcType=INTEGER}
  </update>
  <insert id="insertBatch" parameterType="java.util.ArrayList">
    insert into pm_work_load (task_id,work_type,estimate_workload,add_time,ratio,unit_price,dtp_type,)
    values
    <foreach collection="list" item="item" separator="," index="index" open="(" close=")">
      #{item.taskId,jdbcType=VARCHAR},
      #{item.workType,jdbcType=VARCHAR},
      #{item.estimate_workload},
      #{item.addTime},
      #{item.ratio},
      #{item.dtpType},
      #{#item.unitPrice}
    </foreach>
  </insert>
</mapper>