<?xml version="1.0" encoding="UTF-8"?>
<!DOCTYPE mapper PUBLIC "-//mybatis.org//DTD Mapper 3.0//EN" "http://mybatis.org/dtd/mybatis-3-mapper.dtd">
<mapper namespace="com.sy.pangu.pm.mapper.PmTaskSplitMapper">
  <resultMap id="BaseResultMap" type="com.sy.pangu.pm.entity.PmTaskSplit">
    <id column="id" jdbcType="INTEGER" property="id" />
    <result column="node_id" jdbcType="VARCHAR" property="nodeId" />
    <result column="add_time" jdbcType="VARCHAR" property="addTime" />
    <result column="noticetime" jdbcType="VARCHAR" property="noticetime" />
    <result column="staff_grade" jdbcType="VARCHAR" property="staffGrade" />
    <result column="flow_sign" jdbcType="VARCHAR" property="flowSign" />
  </resultMap>
  <sql id="Example_Where_Clause">
    <where>
      <foreach collection="oredCriteria" item="criteria" separator="or">
        <if test="criteria.valid">
          <trim prefix="(" prefixOverrides="and" suffix=")">
            <foreach collection="criteria.criteria" item="criterion">
              <choose>
                <when test="criterion.noValue">
                  and ${criterion.condition}
                </when>
                <when test="criterion.singleValue">
                  and ${criterion.condition} #{criterion.value}
                </when>
                <when test="criterion.betweenValue">
                  and ${criterion.condition} #{criterion.value} and #{criterion.secondValue}
                </when>
                <when test="criterion.listValue">
                  and ${criterion.condition}
                  <foreach close=")" collection="criterion.value" item="listItem" open="(" separator=",">
                    #{listItem}
                  </foreach>
                </when>
              </choose>
            </foreach>
          </trim>
        </if>
      </foreach>
    </where>
  </sql>
  <sql id="Update_By_Example_Where_Clause">
    <where>
      <foreach collection="example.oredCriteria" item="criteria" separator="or">
        <if test="criteria.valid">
          <trim prefix="(" prefixOverrides="and" suffix=")">
            <foreach collection="criteria.criteria" item="criterion">
              <choose>
                <when test="criterion.noValue">
                  and ${criterion.condition}
                </when>
                <when test="criterion.singleValue">
                  and ${criterion.condition} #{criterion.value}
                </when>
                <when test="criterion.betweenValue">
                  and ${criterion.condition} #{criterion.value} and #{criterion.secondValue}
                </when>
                <when test="criterion.listValue">
                  and ${criterion.condition}
                  <foreach close=")" collection="criterion.value" item="listItem" open="(" separator=",">
                    #{listItem}
                  </foreach>
                </when>
              </choose>
            </foreach>
          </trim>
        </if>
      </foreach>
    </where>
  </sql>
  <sql id="Base_Column_List">
    id, node_id, add_time, noticetime, staff_grade, flow_sign
  </sql>
  <select id="selectByExample" parameterType="com.sy.pangu.pm.entity.example.PmTaskSplitExample" resultMap="BaseResultMap">
    select
    <if test="distinct">
      distinct
    </if>
    <include refid="Base_Column_List" />
    from pm_task_split
    <if test="_parameter != null">
      <include refid="Example_Where_Clause" />
    </if>
    <if test="orderByClause != null">
      order by ${orderByClause}
    </if>
  </select>
  <select id="selectByPrimaryKey" parameterType="java.lang.Integer" resultMap="BaseResultMap">
    select 
    <include refid="Base_Column_List" />
    from pm_task_split
    where id = #{id,jdbcType=INTEGER}
  </select>
  <delete id="deleteByPrimaryKey" parameterType="java.lang.Integer">
    delete from pm_task_split
    where id = #{id,jdbcType=INTEGER}
  </delete>
  <delete id="deleteByExample" parameterType="com.sy.pangu.pm.entity.example.PmTaskSplitExample">
    delete from pm_task_split
    <if test="_parameter != null">
      <include refid="Example_Where_Clause" />
    </if>
  </delete>
  <insert id="insert" parameterType="com.sy.pangu.pm.entity.PmTaskSplit">
    insert into pm_task_split (id, node_id, add_time, 
      noticetime, staff_grade, flow_sign
      )
    values (#{id,jdbcType=INTEGER}, #{nodeId,jdbcType=VARCHAR}, #{addTime,jdbcType=VARCHAR}, 
      #{noticetime,jdbcType=VARCHAR}, #{staffGrade,jdbcType=VARCHAR}, #{flowSign,jdbcType=VARCHAR}
      )
  </insert>
  <insert id="insertSelective" parameterType="com.sy.pangu.pm.entity.PmTaskSplit">
    insert into pm_task_split
    <trim prefix="(" suffix=")" suffixOverrides=",">
      <if test="id != null">
        id,
      </if>
      <if test="nodeId != null">
        node_id,
      </if>
      <if test="addTime != null">
        add_time,
      </if>
      <if test="noticetime != null">
        noticetime,
      </if>
      <if test="staffGrade != null">
        staff_grade,
      </if>
      <if test="flowSign != null">
        flow_sign,
      </if>
    </trim>
    <trim prefix="values (" suffix=")" suffixOverrides=",">
      <if test="id != null">
        #{id,jdbcType=INTEGER},
      </if>
      <if test="nodeId != null">
        #{nodeId,jdbcType=VARCHAR},
      </if>
      <if test="addTime != null">
        #{addTime,jdbcType=VARCHAR},
      </if>
      <if test="noticetime != null">
        #{noticetime,jdbcType=VARCHAR},
      </if>
      <if test="staffGrade != null">
        #{staffGrade,jdbcType=VARCHAR},
      </if>
      <if test="flowSign != null">
        #{flowSign,jdbcType=VARCHAR},
      </if>
    </trim>
  </insert>
  <select id="countByExample" parameterType="com.sy.pangu.pm.entity.example.PmTaskSplitExample" resultType="java.lang.Long">
    select count(*) from pm_task_split
    <if test="_parameter != null">
      <include refid="Example_Where_Clause" />
    </if>
  </select>
  <update id="updateByExampleSelective" parameterType="map">
    update pm_task_split
    <set>
      <if test="record.id != null">
        id = #{record.id,jdbcType=INTEGER},
      </if>
      <if test="record.nodeId != null">
        node_id = #{record.nodeId,jdbcType=VARCHAR},
      </if>
      <if test="record.addTime != null">
        add_time = #{record.addTime,jdbcType=VARCHAR},
      </if>
      <if test="record.noticetime != null">
        noticetime = #{record.noticetime,jdbcType=VARCHAR},
      </if>
      <if test="record.staffGrade != null">
        staff_grade = #{record.staffGrade,jdbcType=VARCHAR},
      </if>
      <if test="record.flowSign != null">
        flow_sign = #{record.flowSign,jdbcType=VARCHAR},
      </if>
    </set>
    <if test="_parameter != null">
      <include refid="Update_By_Example_Where_Clause" />
    </if>
  </update>
  <update id="updateByExample" parameterType="map">
    update pm_task_split
    set id = #{record.id,jdbcType=INTEGER},
      node_id = #{record.nodeId,jdbcType=VARCHAR},
      add_time = #{record.addTime,jdbcType=VARCHAR},
      noticetime = #{record.noticetime,jdbcType=VARCHAR},
      staff_grade = #{record.staffGrade,jdbcType=VARCHAR},
      flow_sign = #{record.flowSign,jdbcType=VARCHAR}
    <if test="_parameter != null">
      <include refid="Update_By_Example_Where_Clause" />
    </if>
  </update>
  <update id="updateByPrimaryKeySelective" parameterType="com.sy.pangu.pm.entity.PmTaskSplit">
    update pm_task_split
    <set>
      <if test="nodeId != null">
        node_id = #{nodeId,jdbcType=VARCHAR},
      </if>
      <if test="addTime != null">
        add_time = #{addTime,jdbcType=VARCHAR},
      </if>
      <if test="noticetime != null">
        noticetime = #{noticetime,jdbcType=VARCHAR},
      </if>
      <if test="staffGrade != null">
        staff_grade = #{staffGrade,jdbcType=VARCHAR},
      </if>
      <if test="flowSign != null">
        flow_sign = #{flowSign,jdbcType=VARCHAR},
      </if>
    </set>
    where id = #{id,jdbcType=INTEGER}
  </update>
  <update id="updateByPrimaryKey" parameterType="com.sy.pangu.pm.entity.PmTaskSplit">
    update pm_task_split
    set node_id = #{nodeId,jdbcType=VARCHAR},
      add_time = #{addTime,jdbcType=VARCHAR},
      noticetime = #{noticetime,jdbcType=VARCHAR},
      staff_grade = #{staffGrade,jdbcType=VARCHAR},
      flow_sign = #{flowSign,jdbcType=VARCHAR}
    where id = #{id,jdbcType=INTEGER}
  </update>
</mapper>