<?xml version="1.0" encoding="UTF-8"?>
<!DOCTYPE mapper PUBLIC "-//mybatis.org//DTD Mapper 3.0//EN" "http://mybatis.org/dtd/mybatis-3-mapper.dtd">
<mapper namespace="com.sy.pangu.pm.mapper.PmTaskApplyRecordMapper">
  <resultMap id="BaseResultMap" type="com.sy.pangu.pm.entity.PmTaskApplyRecord">
    <id column="id" jdbcType="INTEGER" property="id" />
    <result column="task_id" jdbcType="VARCHAR" property="taskId" />
    <result column="project_id" jdbcType="VARCHAR" property="projectId" />
    <result column="apply_staff_num" jdbcType="VARCHAR" property="applyStaffNum" />
    <result column="audit_staff_num" jdbcType="VARCHAR" property="auditStaffNum" />
    <result column="apply_time" jdbcType="VARCHAR" property="applyTime" />
    <result column="last_update_time" jdbcType="VARCHAR" property="lastUpdateTime" />
    <result column="apply_satus" jdbcType="VARCHAR" property="applySatus" />
    <result column="apply_type" jdbcType="VARCHAR" property="applyType" />
    <result column="reason" jdbcType="VARCHAR" property="reason" />
    <result column="reply_reason" jdbcType="VARCHAR" property="replyReason" />
  </resultMap>
  <sql id="Example_Where_Clause">
    <where>
      <foreach collection="oredCriteria" item="criteria" separator="or">
        <if test="criteria.valid">
          <trim prefix="(" prefixOverrides="and" suffix=")">
            <foreach collection="criteria.criteria" item="criterion">
              <choose>
                <when test="criterion.noValue">
                  and ${criterion.condition}
                </when>
                <when test="criterion.singleValue">
                  and ${criterion.condition} #{criterion.value}
                </when>
                <when test="criterion.betweenValue">
                  and ${criterion.condition} #{criterion.value} and #{criterion.secondValue}
                </when>
                <when test="criterion.listValue">
                  and ${criterion.condition}
                  <foreach close=")" collection="criterion.value" item="listItem" open="(" separator=",">
                    #{listItem}
                  </foreach>
                </when>
              </choose>
            </foreach>
          </trim>
        </if>
      </foreach>
    </where>
  </sql>
  <sql id="Update_By_Example_Where_Clause">
    <where>
      <foreach collection="example.oredCriteria" item="criteria" separator="or">
        <if test="criteria.valid">
          <trim prefix="(" prefixOverrides="and" suffix=")">
            <foreach collection="criteria.criteria" item="criterion">
              <choose>
                <when test="criterion.noValue">
                  and ${criterion.condition}
                </when>
                <when test="criterion.singleValue">
                  and ${criterion.condition} #{criterion.value}
                </when>
                <when test="criterion.betweenValue">
                  and ${criterion.condition} #{criterion.value} and #{criterion.secondValue}
                </when>
                <when test="criterion.listValue">
                  and ${criterion.condition}
                  <foreach close=")" collection="criterion.value" item="listItem" open="(" separator=",">
                    #{listItem}
                  </foreach>
                </when>
              </choose>
            </foreach>
          </trim>
        </if>
      </foreach>
    </where>
  </sql>
  <sql id="Base_Column_List">
    id, task_id, project_id, apply_staff_num, audit_staff_num, apply_time, last_update_time, 
    apply_satus, apply_type, reason, reply_reason
  </sql>
  <select id="selectByExample" parameterType="com.sy.pangu.pm.entity.example.PmTaskApplyRecordExample" resultMap="BaseResultMap">
    select
    <if test="distinct">
      distinct
    </if>
    <include refid="Base_Column_List" />
    from pm_task_apply_record
    <if test="_parameter != null">
      <include refid="Example_Where_Clause" />
    </if>
    <if test="orderByClause != null">
      order by ${orderByClause}
    </if>
  </select>
  <select id="selectByPrimaryKey" parameterType="java.lang.Integer" resultMap="BaseResultMap">
    select 
    <include refid="Base_Column_List" />
    from pm_task_apply_record
    where id = #{id,jdbcType=INTEGER}
  </select>
  <delete id="deleteByPrimaryKey" parameterType="java.lang.Integer">
    delete from pm_task_apply_record
    where id = #{id,jdbcType=INTEGER}
  </delete>
  <delete id="deleteByExample" parameterType="com.sy.pangu.pm.entity.example.PmTaskApplyRecordExample">
    delete from pm_task_apply_record
    <if test="_parameter != null">
      <include refid="Example_Where_Clause" />
    </if>
  </delete>
  <insert id="insert" parameterType="com.sy.pangu.pm.entity.PmTaskApplyRecord">
    insert into pm_task_apply_record (id, task_id, project_id, 
      apply_staff_num, audit_staff_num, apply_time, 
      last_update_time, apply_satus, apply_type, 
      reason, reply_reason)
    values (#{id,jdbcType=INTEGER}, #{taskId,jdbcType=VARCHAR}, #{projectId,jdbcType=VARCHAR}, 
      #{applyStaffNum,jdbcType=VARCHAR}, #{auditStaffNum,jdbcType=VARCHAR}, #{applyTime,jdbcType=VARCHAR}, 
      #{lastUpdateTime,jdbcType=VARCHAR}, #{applySatus,jdbcType=VARCHAR}, #{applyType,jdbcType=VARCHAR}, 
      #{reason,jdbcType=VARCHAR}, #{replyReason,jdbcType=VARCHAR})
  </insert>
  <insert id="insertSelective" parameterType="com.sy.pangu.pm.entity.PmTaskApplyRecord">
    insert into pm_task_apply_record
    <trim prefix="(" suffix=")" suffixOverrides=",">
      <if test="id != null">
        id,
      </if>
      <if test="taskId != null">
        task_id,
      </if>
      <if test="projectId != null">
        project_id,
      </if>
      <if test="applyStaffNum != null">
        apply_staff_num,
      </if>
      <if test="auditStaffNum != null">
        audit_staff_num,
      </if>
      <if test="applyTime != null">
        apply_time,
      </if>
      <if test="lastUpdateTime != null">
        last_update_time,
      </if>
      <if test="applySatus != null">
        apply_satus,
      </if>
      <if test="applyType != null">
        apply_type,
      </if>
      <if test="reason != null">
        reason,
      </if>
      <if test="replyReason != null">
        reply_reason,
      </if>
    </trim>
    <trim prefix="values (" suffix=")" suffixOverrides=",">
      <if test="id != null">
        #{id,jdbcType=INTEGER},
      </if>
      <if test="taskId != null">
        #{taskId,jdbcType=VARCHAR},
      </if>
      <if test="projectId != null">
        #{projectId,jdbcType=VARCHAR},
      </if>
      <if test="applyStaffNum != null">
        #{applyStaffNum,jdbcType=VARCHAR},
      </if>
      <if test="auditStaffNum != null">
        #{auditStaffNum,jdbcType=VARCHAR},
      </if>
      <if test="applyTime != null">
        #{applyTime,jdbcType=VARCHAR},
      </if>
      <if test="lastUpdateTime != null">
        #{lastUpdateTime,jdbcType=VARCHAR},
      </if>
      <if test="applySatus != null">
        #{applySatus,jdbcType=VARCHAR},
      </if>
      <if test="applyType != null">
        #{applyType,jdbcType=VARCHAR},
      </if>
      <if test="reason != null">
        #{reason,jdbcType=VARCHAR},
      </if>
      <if test="replyReason != null">
        #{replyReason,jdbcType=VARCHAR},
      </if>
    </trim>
  </insert>
  <select id="countByExample" parameterType="com.sy.pangu.pm.entity.example.PmTaskApplyRecordExample" resultType="java.lang.Long">
    select count(*) from pm_task_apply_record
    <if test="_parameter != null">
      <include refid="Example_Where_Clause" />
    </if>
  </select>
  <update id="updateByExampleSelective" parameterType="map">
    update pm_task_apply_record
    <set>
      <if test="record.id != null">
        id = #{record.id,jdbcType=INTEGER},
      </if>
      <if test="record.taskId != null">
        task_id = #{record.taskId,jdbcType=VARCHAR},
      </if>
      <if test="record.projectId != null">
        project_id = #{record.projectId,jdbcType=VARCHAR},
      </if>
      <if test="record.applyStaffNum != null">
        apply_staff_num = #{record.applyStaffNum,jdbcType=VARCHAR},
      </if>
      <if test="record.auditStaffNum != null">
        audit_staff_num = #{record.auditStaffNum,jdbcType=VARCHAR},
      </if>
      <if test="record.applyTime != null">
        apply_time = #{record.applyTime,jdbcType=VARCHAR},
      </if>
      <if test="record.lastUpdateTime != null">
        last_update_time = #{record.lastUpdateTime,jdbcType=VARCHAR},
      </if>
      <if test="record.applySatus != null">
        apply_satus = #{record.applySatus,jdbcType=VARCHAR},
      </if>
      <if test="record.applyType != null">
        apply_type = #{record.applyType,jdbcType=VARCHAR},
      </if>
      <if test="record.reason != null">
        reason = #{record.reason,jdbcType=VARCHAR},
      </if>
      <if test="record.replyReason != null">
        reply_reason = #{record.replyReason,jdbcType=VARCHAR},
      </if>
    </set>
    <if test="_parameter != null">
      <include refid="Update_By_Example_Where_Clause" />
    </if>
  </update>
  <update id="updateByExample" parameterType="map">
    update pm_task_apply_record
    set id = #{record.id,jdbcType=INTEGER},
      task_id = #{record.taskId,jdbcType=VARCHAR},
      project_id = #{record.projectId,jdbcType=VARCHAR},
      apply_staff_num = #{record.applyStaffNum,jdbcType=VARCHAR},
      audit_staff_num = #{record.auditStaffNum,jdbcType=VARCHAR},
      apply_time = #{record.applyTime,jdbcType=VARCHAR},
      last_update_time = #{record.lastUpdateTime,jdbcType=VARCHAR},
      apply_satus = #{record.applySatus,jdbcType=VARCHAR},
      apply_type = #{record.applyType,jdbcType=VARCHAR},
      reason = #{record.reason,jdbcType=VARCHAR},
      reply_reason = #{record.replyReason,jdbcType=VARCHAR}
    <if test="_parameter != null">
      <include refid="Update_By_Example_Where_Clause" />
    </if>
  </update>
  <update id="updateByPrimaryKeySelective" parameterType="com.sy.pangu.pm.entity.PmTaskApplyRecord">
    update pm_task_apply_record
    <set>
      <if test="taskId != null">
        task_id = #{taskId,jdbcType=VARCHAR},
      </if>
      <if test="projectId != null">
        project_id = #{projectId,jdbcType=VARCHAR},
      </if>
      <if test="applyStaffNum != null">
        apply_staff_num = #{applyStaffNum,jdbcType=VARCHAR},
      </if>
      <if test="auditStaffNum != null">
        audit_staff_num = #{auditStaffNum,jdbcType=VARCHAR},
      </if>
      <if test="applyTime != null">
        apply_time = #{applyTime,jdbcType=VARCHAR},
      </if>
      <if test="lastUpdateTime != null">
        last_update_time = #{lastUpdateTime,jdbcType=VARCHAR},
      </if>
      <if test="applySatus != null">
        apply_satus = #{applySatus,jdbcType=VARCHAR},
      </if>
      <if test="applyType != null">
        apply_type = #{applyType,jdbcType=VARCHAR},
      </if>
      <if test="reason != null">
        reason = #{reason,jdbcType=VARCHAR},
      </if>
      <if test="replyReason != null">
        reply_reason = #{replyReason,jdbcType=VARCHAR},
      </if>
    </set>
    where id = #{id,jdbcType=INTEGER}
  </update>
  <update id="updateByPrimaryKey" parameterType="com.sy.pangu.pm.entity.PmTaskApplyRecord">
    update pm_task_apply_record
    set task_id = #{taskId,jdbcType=VARCHAR},
      project_id = #{projectId,jdbcType=VARCHAR},
      apply_staff_num = #{applyStaffNum,jdbcType=VARCHAR},
      audit_staff_num = #{auditStaffNum,jdbcType=VARCHAR},
      apply_time = #{applyTime,jdbcType=VARCHAR},
      last_update_time = #{lastUpdateTime,jdbcType=VARCHAR},
      apply_satus = #{applySatus,jdbcType=VARCHAR},
      apply_type = #{applyType,jdbcType=VARCHAR},
      reason = #{reason,jdbcType=VARCHAR},
      reply_reason = #{replyReason,jdbcType=VARCHAR}
    where id = #{id,jdbcType=INTEGER}
  </update>
  <!-- 根据项目id查询任务申请列表-->
  <select id="getTaskApplyById" parameterType="java.lang.String" resultType="com.sy.pangu.pm.entity.PmTaskApplyRecord" >
    select
    <include refid="Base_Column_List" />
    from pm_task_apply_record
    where project_id = #{projectId}
  </select>
  <!-- 获取任务申请列表-->
  <select id="getTaskApplyList" resultType = "com.sy.pangu.pm.entity.vo.TaskApplyVo" >
      SELECT
          pmp.project_id as projectId,
          pmp.project_name as projectName,
          pmt.task_type as taskType,
          pta.apply_type as applyType,
          pta.apply_staff_num as applyStaffNum,
          pta.apply_time as applyTime,
          pta.apply_satus as applySatus,
          pta.reason as reason,
          pta.last_update_time as lastUpdateTime,
          pta.reply_reason as replyReason
      FROM
          pm_task_apply_record pta
          LEFT JOIN pm_project_info pmp ON pta.project_id = pmp.project_id
          LEFT JOIN pm_task_info pmt ON pmt.task_id = pta.task_id
      WHERE
    <if test="pmID != null">
      pmp.pm_id = #{pmID}
    </if>
    <if test="taskType != null">
      AND pmt.task_type = #{taskType}
    </if>
    <if test="applyType != null">
      AND pta.apply_type  = #{applyType}
    </if>
    <if test="applySatus != null">
      AND pta.apply_satus =  #{applySatus}
    </if>
      ORDER BY
          pta.apply_time
  </select>
</mapper>