<?xml version="1.0" encoding="UTF-8"?>
<!DOCTYPE mapper PUBLIC "-//mybatis.org//DTD Mapper 3.0//EN" "http://mybatis.org/dtd/mybatis-3-mapper.dtd">
<mapper namespace="com.sy.pangu.pm.mapper.PmTaskInfoMapper">
    <resultMap id="BaseResultMap" type="com.sy.pangu.pm.entity.PmTaskInfo">
        <id column="id" jdbcType="INTEGER" property="id"/>
        <result column="project_id" jdbcType="VARCHAR" property="projectId"/>
        <result column="task_id" jdbcType="VARCHAR" property="taskId"/>
        <result column="task_package_id" jdbcType="VARCHAR" property="taskPackageId"/>
        <result column="task_name" jdbcType="VARCHAR" property="taskName"/>
        <result column="task_type" jdbcType="VARCHAR" property="taskType"/>
        <result column="task_status" jdbcType="VARCHAR" property="taskStatus"/>
        <result column="staff_num" jdbcType="VARCHAR" property="staffNum"/>
        <result column="start_time" jdbcType="VARCHAR" property="startTime"/>
        <result column="require_time" jdbcType="VARCHAR" property="requireTime"/>
        <result column="real_complet_time" jdbcType="VARCHAR" property="realCompletTime"/>
        <result column="distribution_time" jdbcType="VARCHAR" property="distributionTime"/>
        <result column="remark" jdbcType="VARCHAR" property="remark"/>
        <result column="work_load" jdbcType="VARCHAR" property="workLoad"/>
        <result column="real_work_load" jdbcType="VARCHAR" property="realWorkLoad"/>
        <result column="isover_time" jdbcType="VARCHAR" property="isoverTime"/>
        <result column="work_type" jdbcType="VARCHAR" property="workType"/>
        <result column="evaluate" jdbcType="VARCHAR" property="evaluate"/>
        <result column="currency_type" jdbcType="VARCHAR" property="currencyType"/>
        <result column="total_price" jdbcType="VARCHAR" property="totalPrice"/>
        <result column="file_id" jdbcType="VARCHAR" property="fileId"/>
        <result column="flow_id" jdbcType="VARCHAR" property="flowId"/>
        <result column="upload_file_id" jdbcType="VARCHAR" property="uploadFileId"/>
    </resultMap>
    <sql id="Example_Where_Clause">
        <where>
            <foreach collection="oredCriteria" item="criteria" separator="or">
                <if test="criteria.valid">
                    <trim prefix="(" prefixOverrides="and" suffix=")">
                        <foreach collection="criteria.criteria" item="criterion">
                            <choose>
                                <when test="criterion.noValue">
                                    and ${criterion.condition}
                                </when>
                                <when test="criterion.singleValue">
                                    and ${criterion.condition} #{criterion.value}
                                </when>
                                <when test="criterion.betweenValue">
                                    and ${criterion.condition} #{criterion.value} and #{criterion.secondValue}
                                </when>
                                <when test="criterion.listValue">
                                    and ${criterion.condition}
                                    <foreach close=")" collection="criterion.value" item="listItem" open="("
                                             separator=",">
                                        #{listItem}
                                    </foreach>
                                </when>
                            </choose>
                        </foreach>
                    </trim>
                </if>
            </foreach>
        </where>
    </sql>
    <sql id="Update_By_Example_Where_Clause">
        <where>
            <foreach collection="example.oredCriteria" item="criteria" separator="or">
                <if test="criteria.valid">
                    <trim prefix="(" prefixOverrides="and" suffix=")">
                        <foreach collection="criteria.criteria" item="criterion">
                            <choose>
                                <when test="criterion.noValue">
                                    and ${criterion.condition}
                                </when>
                                <when test="criterion.singleValue">
                                    and ${criterion.condition} #{criterion.value}
                                </when>
                                <when test="criterion.betweenValue">
                                    and ${criterion.condition} #{criterion.value} and #{criterion.secondValue}
                                </when>
                                <when test="criterion.listValue">
                                    and ${criterion.condition}
                                    <foreach close=")" collection="criterion.value" item="listItem" open="("
                                             separator=",">
                                        #{listItem}
                                    </foreach>
                                </when>
                            </choose>
                        </foreach>
                    </trim>
                </if>
            </foreach>
        </where>
    </sql>
    <sql id="Base_Column_List">
    id, project_id, task_id, task_package_id, task_name, task_type, task_status, staff_num, 
    start_time, require_time, real_complet_time, distribution_time, remark, work_load, 
    real_work_load, isover_time, work_type, evaluate, currency_type, total_price, file_id, 
    flow_id, upload_file_id
  </sql>
    <select id="selectByExample" parameterType="com.sy.pangu.pm.entity.example.PmTaskInfoExample"
            resultMap="BaseResultMap">
        select
        <if test="distinct">
            distinct
        </if>
        <include refid="Base_Column_List"/>
        from pm_task_info
        <if test="_parameter != null">
            <include refid="Example_Where_Clause"/>
        </if>
        <if test="orderByClause != null">
            order by ${orderByClause}
        </if>
    </select>
    <select id="selectByPrimaryKey" parameterType="java.lang.Integer" resultMap="BaseResultMap">
        select
        <include refid="Base_Column_List"/>
        from pm_task_info
        where id = #{id,jdbcType=INTEGER}
    </select>
    <delete id="deleteByPrimaryKey" parameterType="java.lang.Integer">
    delete from pm_task_info
    where id = #{id,jdbcType=INTEGER}
  </delete>
    <delete id="deleteByExample" parameterType="com.sy.pangu.pm.entity.example.PmTaskInfoExample">
        delete from pm_task_info
        <if test="_parameter != null">
            <include refid="Example_Where_Clause"/>
        </if>
    </delete>
    <insert id="insert" parameterType="com.sy.pangu.pm.entity.PmTaskInfo">
    insert into pm_task_info (id, project_id, task_id, 
      task_package_id, task_name, task_type, 
      task_status, staff_num, start_time, 
      require_time, real_complet_time, distribution_time, 
      remark, work_load, real_work_load, 
      isover_time, work_type, evaluate, 
      currency_type, total_price, file_id, 
      flow_id, upload_file_id)
    values (#{id,jdbcType=INTEGER}, #{projectId,jdbcType=VARCHAR}, #{taskId,jdbcType=VARCHAR}, 
      #{taskPackageId,jdbcType=VARCHAR}, #{taskName,jdbcType=VARCHAR}, #{taskType,jdbcType=VARCHAR}, 
      #{taskStatus,jdbcType=VARCHAR}, #{staffNum,jdbcType=VARCHAR}, #{startTime,jdbcType=VARCHAR}, 
      #{requireTime,jdbcType=VARCHAR}, #{realCompletTime,jdbcType=VARCHAR}, #{distributionTime,jdbcType=VARCHAR}, 
      #{remark,jdbcType=VARCHAR}, #{workLoad,jdbcType=VARCHAR}, #{realWorkLoad,jdbcType=VARCHAR}, 
      #{isoverTime,jdbcType=VARCHAR}, #{workType,jdbcType=VARCHAR}, #{evaluate,jdbcType=VARCHAR}, 
      #{currencyType,jdbcType=VARCHAR}, #{totalPrice,jdbcType=VARCHAR}, #{fileId,jdbcType=VARCHAR}, 
      #{flowId,jdbcType=VARCHAR}, #{uploadFileId,jdbcType=VARCHAR})
  </insert>
    <insert id="insertSelective" parameterType="com.sy.pangu.pm.entity.PmTaskInfo">
        insert into pm_task_info
        <trim prefix="(" suffix=")" suffixOverrides=",">
            <if test="id != null">
                id,
            </if>
            <if test="projectId != null">
                project_id,
            </if>
            <if test="taskId != null">
                task_id,
            </if>
            <if test="taskPackageId != null">
                task_package_id,
            </if>
            <if test="taskName != null">
                task_name,
            </if>
            <if test="taskType != null">
                task_type,
            </if>
            <if test="taskStatus != null">
                task_status,
            </if>
            <if test="staffNum != null">
                staff_num,
            </if>
            <if test="startTime != null">
                start_time,
            </if>
            <if test="requireTime != null">
                require_time,
            </if>
            <if test="realCompletTime != null">
                real_complet_time,
            </if>
            <if test="distributionTime != null">
                distribution_time,
            </if>
            <if test="remark != null">
                remark,
            </if>
            <if test="workLoad != null">
                work_load,
            </if>
            <if test="realWorkLoad != null">
                real_work_load,
            </if>
            <if test="isoverTime != null">
                isover_time,
            </if>
            <if test="workType != null">
                work_type,
            </if>
            <if test="evaluate != null">
                evaluate,
            </if>
            <if test="currencyType != null">
                currency_type,
            </if>
            <if test="totalPrice != null">
                total_price,
            </if>
            <if test="fileId != null">
                file_id,
            </if>
            <if test="flowId != null">
                flow_id,
            </if>
            <if test="uploadFileId != null">
                upload_file_id,
            </if>
        </trim>
        <trim prefix="values (" suffix=")" suffixOverrides=",">
            <if test="id != null">
                #{id,jdbcType=INTEGER},
            </if>
            <if test="projectId != null">
                #{projectId,jdbcType=VARCHAR},
            </if>
            <if test="taskId != null">
                #{taskId,jdbcType=VARCHAR},
            </if>
            <if test="taskPackageId != null">
                #{taskPackageId,jdbcType=VARCHAR},
            </if>
            <if test="taskName != null">
                #{taskName,jdbcType=VARCHAR},
            </if>
            <if test="taskType != null">
                #{taskType,jdbcType=VARCHAR},
            </if>
            <if test="taskStatus != null">
                #{taskStatus,jdbcType=VARCHAR},
            </if>
            <if test="staffNum != null">
                #{staffNum,jdbcType=VARCHAR},
            </if>
            <if test="startTime != null">
                #{startTime,jdbcType=VARCHAR},
            </if>
            <if test="requireTime != null">
                #{requireTime,jdbcType=VARCHAR},
            </if>
            <if test="realCompletTime != null">
                #{realCompletTime,jdbcType=VARCHAR},
            </if>
            <if test="distributionTime != null">
                #{distributionTime,jdbcType=VARCHAR},
            </if>
            <if test="remark != null">
                #{remark,jdbcType=VARCHAR},
            </if>
            <if test="workLoad != null">
                #{workLoad,jdbcType=VARCHAR},
            </if>
            <if test="realWorkLoad != null">
                #{realWorkLoad,jdbcType=VARCHAR},
            </if>
            <if test="isoverTime != null">
                #{isoverTime,jdbcType=VARCHAR},
            </if>
            <if test="workType != null">
                #{workType,jdbcType=VARCHAR},
            </if>
            <if test="evaluate != null">
                #{evaluate,jdbcType=VARCHAR},
            </if>
            <if test="currencyType != null">
                #{currencyType,jdbcType=VARCHAR},
            </if>
            <if test="totalPrice != null">
                #{totalPrice,jdbcType=VARCHAR},
            </if>
            <if test="fileId != null">
                #{fileId,jdbcType=VARCHAR},
            </if>
            <if test="flowId != null">
                #{flowId,jdbcType=VARCHAR},
            </if>
            <if test="uploadFileId != null">
                #{uploadFileId,jdbcType=VARCHAR},
            </if>
        </trim>
    </insert>
    <select id="countByExample" parameterType="com.sy.pangu.pm.entity.example.PmTaskInfoExample"
            resultType="java.lang.Long">
        select count(*) from pm_task_info
        <if test="_parameter != null">
            <include refid="Example_Where_Clause"/>
        </if>
    </select>
    <update id="updateByExampleSelective" parameterType="map">
        update pm_task_info
        <set>
            <if test="record.id != null">
                id = #{record.id,jdbcType=INTEGER},
            </if>
            <if test="record.projectId != null">
                project_id = #{record.projectId,jdbcType=VARCHAR},
            </if>
            <if test="record.taskId != null">
                task_id = #{record.taskId,jdbcType=VARCHAR},
            </if>
            <if test="record.taskPackageId != null">
                task_package_id = #{record.taskPackageId,jdbcType=VARCHAR},
            </if>
            <if test="record.taskName != null">
                task_name = #{record.taskName,jdbcType=VARCHAR},
            </if>
            <if test="record.taskType != null">
                task_type = #{record.taskType,jdbcType=VARCHAR},
            </if>
            <if test="record.taskStatus != null">
                task_status = #{record.taskStatus,jdbcType=VARCHAR},
            </if>
            <if test="record.staffNum != null">
                staff_num = #{record.staffNum,jdbcType=VARCHAR},
            </if>
            <if test="record.startTime != null">
                start_time = #{record.startTime,jdbcType=VARCHAR},
            </if>
            <if test="record.requireTime != null">
                require_time = #{record.requireTime,jdbcType=VARCHAR},
            </if>
            <if test="record.realCompletTime != null">
                real_complet_time = #{record.realCompletTime,jdbcType=VARCHAR},
            </if>
            <if test="record.distributionTime != null">
                distribution_time = #{record.distributionTime,jdbcType=VARCHAR},
            </if>
            <if test="record.remark != null">
                remark = #{record.remark,jdbcType=VARCHAR},
            </if>
            <if test="record.workLoad != null">
                work_load = #{record.workLoad,jdbcType=VARCHAR},
            </if>
            <if test="record.realWorkLoad != null">
                real_work_load = #{record.realWorkLoad,jdbcType=VARCHAR},
            </if>
            <if test="record.isoverTime != null">
                isover_time = #{record.isoverTime,jdbcType=VARCHAR},
            </if>
            <if test="record.workType != null">
                work_type = #{record.workType,jdbcType=VARCHAR},
            </if>
            <if test="record.evaluate != null">
                evaluate = #{record.evaluate,jdbcType=VARCHAR},
            </if>
            <if test="record.currencyType != null">
                currency_type = #{record.currencyType,jdbcType=VARCHAR},
            </if>
            <if test="record.totalPrice != null">
                total_price = #{record.totalPrice,jdbcType=VARCHAR},
            </if>
            <if test="record.fileId != null">
                file_id = #{record.fileId,jdbcType=VARCHAR},
            </if>
            <if test="record.flowId != null">
                flow_id = #{record.flowId,jdbcType=VARCHAR},
            </if>
            <if test="record.uploadFileId != null">
                upload_file_id = #{record.uploadFileId,jdbcType=VARCHAR},
            </if>
        </set>
        <if test="_parameter != null">
            <include refid="Update_By_Example_Where_Clause"/>
        </if>
    </update>
    <update id="updateByExample" parameterType="map">
        update pm_task_info
        set id = #{record.id,jdbcType=INTEGER},
        project_id = #{record.projectId,jdbcType=VARCHAR},
        task_id = #{record.taskId,jdbcType=VARCHAR},
        task_package_id = #{record.taskPackageId,jdbcType=VARCHAR},
        task_name = #{record.taskName,jdbcType=VARCHAR},
        task_type = #{record.taskType,jdbcType=VARCHAR},
        task_status = #{record.taskStatus,jdbcType=VARCHAR},
        staff_num = #{record.staffNum,jdbcType=VARCHAR},
        start_time = #{record.startTime,jdbcType=VARCHAR},
        require_time = #{record.requireTime,jdbcType=VARCHAR},
        real_complet_time = #{record.realCompletTime,jdbcType=VARCHAR},
        distribution_time = #{record.distributionTime,jdbcType=VARCHAR},
        remark = #{record.remark,jdbcType=VARCHAR},
        work_load = #{record.workLoad,jdbcType=VARCHAR},
        real_work_load = #{record.realWorkLoad,jdbcType=VARCHAR},
        isover_time = #{record.isoverTime,jdbcType=VARCHAR},
        work_type = #{record.workType,jdbcType=VARCHAR},
        evaluate = #{record.evaluate,jdbcType=VARCHAR},
        currency_type = #{record.currencyType,jdbcType=VARCHAR},
        total_price = #{record.totalPrice,jdbcType=VARCHAR},
        file_id = #{record.fileId,jdbcType=VARCHAR},
        flow_id = #{record.flowId,jdbcType=VARCHAR},
        upload_file_id = #{record.uploadFileId,jdbcType=VARCHAR}
        <if test="_parameter != null">
            <include refid="Update_By_Example_Where_Clause"/>
        </if>
    </update>
    <update id="updateByPrimaryKeySelective" parameterType="com.sy.pangu.pm.entity.PmTaskInfo">
        update pm_task_info
        <set>
            <if test="projectId != null">
                project_id = #{projectId,jdbcType=VARCHAR},
            </if>
            <if test="taskId != null">
                task_id = #{taskId,jdbcType=VARCHAR},
            </if>
            <if test="taskPackageId != null">
                task_package_id = #{taskPackageId,jdbcType=VARCHAR},
            </if>
            <if test="taskName != null">
                task_name = #{taskName,jdbcType=VARCHAR},
            </if>
            <if test="taskType != null">
                task_type = #{taskType,jdbcType=VARCHAR},
            </if>
            <if test="taskStatus != null">
                task_status = #{taskStatus,jdbcType=VARCHAR},
            </if>
            <if test="staffNum != null">
                staff_num = #{staffNum,jdbcType=VARCHAR},
            </if>
            <if test="startTime != null">
                start_time = #{startTime,jdbcType=VARCHAR},
            </if>
            <if test="requireTime != null">
                require_time = #{requireTime,jdbcType=VARCHAR},
            </if>
            <if test="realCompletTime != null">
                real_complet_time = #{realCompletTime,jdbcType=VARCHAR},
            </if>
            <if test="distributionTime != null">
                distribution_time = #{distributionTime,jdbcType=VARCHAR},
            </if>
            <if test="remark != null">
                remark = #{remark,jdbcType=VARCHAR},
            </if>
            <if test="workLoad != null">
                work_load = #{workLoad,jdbcType=VARCHAR},
            </if>
            <if test="realWorkLoad != null">
                real_work_load = #{realWorkLoad,jdbcType=VARCHAR},
            </if>
            <if test="isoverTime != null">
                isover_time = #{isoverTime,jdbcType=VARCHAR},
            </if>
            <if test="workType != null">
                work_type = #{workType,jdbcType=VARCHAR},
            </if>
            <if test="evaluate != null">
                evaluate = #{evaluate,jdbcType=VARCHAR},
            </if>
            <if test="currencyType != null">
                currency_type = #{currencyType,jdbcType=VARCHAR},
            </if>
            <if test="totalPrice != null">
                total_price = #{totalPrice,jdbcType=VARCHAR},
            </if>
            <if test="fileId != null">
                file_id = #{fileId,jdbcType=VARCHAR},
            </if>
            <if test="flowId != null">
                flow_id = #{flowId,jdbcType=VARCHAR},
            </if>
            <if test="uploadFileId != null">
                upload_file_id = #{uploadFileId,jdbcType=VARCHAR},
            </if>
        </set>
        where id = #{id,jdbcType=INTEGER}
    </update>
    <update id="updateByPrimaryKey" parameterType="com.sy.pangu.pm.entity.PmTaskInfo">
    update pm_task_info
    set project_id = #{projectId,jdbcType=VARCHAR},
      task_id = #{taskId,jdbcType=VARCHAR},
      task_package_id = #{taskPackageId,jdbcType=VARCHAR},
      task_name = #{taskName,jdbcType=VARCHAR},
      task_type = #{taskType,jdbcType=VARCHAR},
      task_status = #{taskStatus,jdbcType=VARCHAR},
      staff_num = #{staffNum,jdbcType=VARCHAR},
      start_time = #{startTime,jdbcType=VARCHAR},
      require_time = #{requireTime,jdbcType=VARCHAR},
      real_complet_time = #{realCompletTime,jdbcType=VARCHAR},
      distribution_time = #{distributionTime,jdbcType=VARCHAR},
      remark = #{remark,jdbcType=VARCHAR},
      work_load = #{workLoad,jdbcType=VARCHAR},
      real_work_load = #{realWorkLoad,jdbcType=VARCHAR},
      isover_time = #{isoverTime,jdbcType=VARCHAR},
      work_type = #{workType,jdbcType=VARCHAR},
      evaluate = #{evaluate,jdbcType=VARCHAR},
      currency_type = #{currencyType,jdbcType=VARCHAR},
      total_price = #{totalPrice,jdbcType=VARCHAR},
      file_id = #{fileId,jdbcType=VARCHAR},
      flow_id = #{flowId,jdbcType=VARCHAR},
      upload_file_id = #{uploadFileId,jdbcType=VARCHAR}
    where id = #{id,jdbcType=INTEGER}
  </update>

    <resultMap id="BaseResultMap_List" type="com.sy.pangu.pm.entity.vo.TaskInfoVo">
        <result column="task_name" jdbcType="VARCHAR" property="taskName"/>
        <result column="project_name" jdbcType="VARCHAR" property="projectName"/>
        <result column="languageEn" jdbcType="VARCHAR" property="languageEn"/>
        <result column="task_type" jdbcType="VARCHAR" property="taskType"/>
        <result column="work_load" jdbcType="VARCHAR" property="workLoad"/>
        <result column="file_id" jdbcType="VARCHAR" property="fileId"/>
        <result column="unit_price" jdbcType="VARCHAR" property="unitPrice"/>
        <result column="require_time" jdbcType="VARCHAR" property="requireTime"/>

        <collection property="taskInfos" ofType="com.sy.pangu.pm.entity.PmTaskInfo">
            <result column="task_name_ch" jdbcType="VARCHAR" property="taskName"/>
            <result column="work_load_ch" jdbcType="VARCHAR" property="workLoad"/>
            <result column="require_time_ch" jdbcType="VARCHAR" property="requireTime"/>
            <result column="unit_price_ch" jdbcType="VARCHAR" property="unitPrice"/>
        </collection>
    </resultMap>
    <select id="selectPageNotReceiveTask" parameterType="com.sy.pangu.pm.utils.PageUtil"
            resultType="com.sy.pangu.pm.entity.vo.TaskInfoVo">
        select * from
        (
        SELECT
        t.task_id AS taskId,
        t.task_name AS taskName,
        t.project_id AS projectId,
        p.project_name AS projectName,
        CONCAT( p.source_lan, ' -> ', p.target_lan ) AS languageEn,
        p.order_type as orderType,
        t.task_type AS taskType,
        w.unit_price AS unitPrice,
        t.require_time AS requireTime,
        g.allot_type AS allotType,
        '手动分配' AS allotTypeZh,
        t.work_load as workLoad,
        w.estimate_workload AS estimateWorkload,
        p.domain as domain,
        '' as fullLv,
        '' as partLv,
        t.remark as remark
        FROM
        pm_task_info t
        RIGHT JOIN pm_grabsheet g ON t.task_id = g.task_id
        LEFT JOIN pm_project_info p ON p.project_id = t.project_id
        LEFT JOIN pm_task_workload w ON w.task_id = t.task_id
        WHERE
        /*手动*/
        g.allot_type = '02'
        /*未领取*/
        and g.task_status = '00'
        <if test="link.staffNum != null">
            and g.staff_num like CONCAT('%',#{link.staffNum,jdbcType=VARCHAR},'%')
        </if>
        UNION
        select
        t.task_id AS taskId,
        t.task_name AS taskName,
        t.project_id AS projectId,
        p.project_name AS projectName,
        CONCAT( p.source_lan, ' -> ', p.target_lan ) AS languageEn,
        p.order_type as orderType,
        t.task_type AS taskType,
        w.unit_price AS unitPrice,
        t.require_time AS requireTime,
        g.allot_type AS allotType,
        '自动分配' as allotTypeZh,
        t.work_load as workLoad,
        w.estimate_workload as estimateWorkload,
        p.domain as domain,
        g.choose_lv as fullLv,
        g.datachar1 as partLv,
        t.remark as remark
        from pm_task_info t
        right join pm_grabsheet g on t.task_id = g.task_id
        left join pm_project_info p on p.project_id = t.project_id
        left join pm_task_workload w on w.task_id = t.task_id
        where
        /*自动*/
        g.allot_type = '01'
        /* 未领取 */
        and g.task_status = '00'
        /* TODO 专职or兼职code*/
        <if test = "link.translateType == 2">
            <if test="link.skillLv != null">
                and
                <foreach item="lv" collection="link.skillLv" index="index" open="(" close=")" separator="or">
                    (p.domain = #{lv.areaId} and p.source_lan = #{lv.sourceLangauge} and p.target_lan = #{lv.targetLangauge} and g.choose_lv like CONCAT('%',#{lv.levelId},'%'))
                </foreach>
                --             and g.choose_lv like CONCAT('%',#{link.skillLv,jdbcType=VARCHAR},'%')
            </if>
        </if>
        <if test = "link.translateType == 1">
            /* 兼职 */
            <if test="link.skillLv != null">
                and
                <foreach item="lv" collection="link.skillLv" index="index" open="(" close=")" separator="or">
                    (p.domain = #{lv.areaId} and p.source_lan = #{lv.sourceLangauge} and p.target_lan = #{lv.targetLangauge} and g.datachar1 like CONCAT('%',#{lv.levelId},'%'))
                </foreach>
            </if>
        </if>
        ) a
        where 1 = 1
        <if test="link.taskTypes != null">
            and a.taskType in
            <foreach item="taskType" collection="link.taskTypes" index="index" open="(" close=")" separator=",">
                #{taskType}
            </foreach>
        </if>
        <if test="link.requireEndtimeS != null">
            and a.requireTime <![CDATA[ >= ]]> #{link.requireEndtimeS,jdbcType=VARCHAR}
        </if>
        <if test="link.requireEndtimeE != null">
            and a.requireTime <![CDATA[ <= ]]> #{link.requireEndtimeE,jdbcType=VARCHAR}
        </if>
        <if test="link.projectName != null">
            and a.projectName like CONCAT('%',#{link.projectName,jdbcType=VARCHAR},'%')
        </if>
        <if test="sort != null">
            order by ${sort}
            <if test="desc != null">
                ${desc}
            </if>
        </if>
        LIMIT ${start} , ${limit}
    </select>
    <!-- 分页查询未领取的任务 -->
    <select id="selectCountNotReceiveTask" parameterType="com.sy.pangu.pm.utils.PageUtil" resultType="java.lang.Long">
        select count(*) from
        (
        select
            t.task_id AS taskId,
            t.task_name AS taskName,
            t.project_id AS projectId,
            p.project_name AS projectName,
            CONCAT( p.source_lan, ' -> ', p.target_lan ) AS languageEn,
            p.order_type as orderType,
            t.task_type AS taskType,
            w.unit_price AS unitPrice,
            t.require_time AS requireTime,
            g.allot_type AS allotType,
            '手动分配' AS allotTypeZh,
            t.work_load as workLoad,
            w.estimate_workload AS estimateWorkload,
            t.remark as remark
        from pm_task_info t
        right join pm_grabsheet g on t.task_id = g.task_id
        left join pm_project_info p on p.project_id = t.project_id
        left join pm_task_workload w on w.task_id = t.task_id
        where
        g.allot_type = '02'
        AND g.task_status = '00'
        <if test="link.staffNum != null">
            and g.staff_num like CONCAT('%',#{link.staffNum,jdbcType=VARCHAR},'%')
        </if>
        UNION
        select
            t.task_id AS taskId,
            t.task_name AS taskName,
            t.project_id AS projectId,
            p.project_name AS projectName,
            CONCAT( p.source_lan, ' -> ', p.target_lan ) AS languageEn,
            p.order_type as orderType,
            t.task_type AS taskType,
            w.unit_price AS unitPrice,
            t.require_time AS requireTime,
            g.allot_type AS allotType,
            '自动分配' as allotTypeZh,
            t.work_load as workLoad,
            w.estimate_workload as estimateWorkload,
            t.remark as remark
        from pm_task_info t
        right join pm_grabsheet g on t.task_id = g.task_id
        left join pm_project_info p on p.project_id = t.project_id
        left join pm_task_workload w on w.task_id = t.task_id
        where g.allot_type = '01'
        AND g.task_status = '00'
        /* TODO 专职or兼职code*/
        <if test = "link.translateType == 2">
            <if test="link.skillLv != null">
                and
                <foreach item="lv" collection="link.skillLv" index="index" open="(" close=")" separator="or">
                    (p.domain = #{lv.areaId} and p.source_lan = #{lv.sourceLangauge} and p.target_lan = #{lv.targetLangauge} and g.choose_lv like CONCAT('%',#{lv.levelId},'%'))
                </foreach>
                --             and g.choose_lv like CONCAT('%',#{link.skillLv,jdbcType=VARCHAR},'%')
            </if>
        </if>
        /* 兼职 */
        <if test = "link.translateType == 1">
            <if test="link.skillLv != null">
                and
                <foreach item="lv" collection="link.skillLv" index="index" open="(" close=")" separator="or">
                    (p.domain = #{lv.areaId} and p.source_lan = #{lv.sourceLangauge} and p.target_lan = #{lv.targetLangauge} and g.datachar1 like CONCAT('%',#{lv.levelId},'%'))
                </foreach>
            </if>
        </if>
        ) a
        where 1=1
        <if test="link.taskTypes != null">
            and a.taskType in
            <foreach item="taskType" collection="link.taskTypes" index="index" open="(" close=")" separator=",">
                #{taskType}
            </foreach>
        </if>
        <if test="link.requireEndtimeS != null">
            and a.requireTime <![CDATA[ >= ]]> #{link.requireEndtimeS,jdbcType=VARCHAR}
        </if>
        <if test="link.requireEndtimeE != null">
            and a.requireTime <![CDATA[ <= ]]> #{link.requireEndtimeE,jdbcType=VARCHAR}
        </if>
        <if test="link.projectName != null">
            and a.projectName like CONCAT('%',#{link.projectName,jdbcType=VARCHAR},'%')
        </if>
    </select>
    <!--
    <select id="selectPageNotReceiveTask" parameterType="com.sy.pangu.pm.utils.PageUtil" resultMap="BaseResultMap_List">
        select * from
        (
          SELECT
            t1.task_name as task_name,
            p.project_name as project_name,
            CONCAT(p.source_lan,' -> ',p.source_lan) as languageEn,
            t1.task_type as task_type,
            t1.total_work_load as work_load,
            t1.file_id as file_id,
            t1.require_time as require_time,
            null as allotType,
            null as allotTypeZh,
            w.unit_price as unit_price_ch,
            t.work_load as work_load_ch,
            t.require_time as require_time_ch,
            t.task_name as task_name_ch
          FROM
          (
            SELECT
              tt.file_id as file_id,
              tt.task_type as task_type,
              tt.task_name as task_name,
              tt.project_id as project_id,
              tt.require_time as require_time,
              sum( tt.work_load ) as total_work_load
            FROM pm_task_info tt
            right join pm_grabsheet g on tt.task_id = g.task_id
            where tt.task_type in ('02','03')
              and g.allot_type = '02'
              <if test="link.staffNum != null">
                and g.staff_num like CONCAT('%',#{link.staffNum,jdbcType=VARCHAR},'%')
              </if>
            GROUP BY tt.file_id, tt.task_type ,tt.task_name,tt.project_id,tt.require_time

            UNION

            SELECT
              tt.file_id as file_id,
              tt.task_type as task_type,
              tt.task_name as task_name,
              tt.project_id as project_id,
              tt.require_time as require_time,
              sum( tt.work_load ) as total_work_load
            FROM pm_task_info tt
            right join pm_grabsheet g on tt.task_id = g.task_id
            where tt.task_type in ('02','03')
              and g.allot_type = '01'
              <if test="link.skillLv != null">
                and g.choose_lv like CONCAT('%',#{link.skillLv,jdbcType=VARCHAR},'%')
              </if>
            GROUP BY tt.file_id, tt.task_type ,tt.task_name,tt.project_id,tt.require_time
          ) t1
          LEFT JOIN pm_task_info t ON t1.file_id = t.file_id
          left join pm_project_info p on p.project_id = t1.project_id
          left join pm_task_workload w on w.task_id = t.task_id

          UNION

          SELECT
            *
          from
          (
            SELECT
              t.task_name as task_name,
              p.project_name as project_name,
              CONCAT(p.source_lan,' -> ',p.source_lan) as languageEn,
              t.task_type as task_type,
              t.work_load AS work_load,
              t.file_id as file_id,
              t.require_time as require_time,
              g.allot_type as allotType,
              '手动分配' as allotTypeZh,
              null as unit_price_ch,
              null AS work_load_ch,
              null as require_time_ch,
              null AS task_name_ch
            from pm_task_info t
            right join pm_grabsheet g on t.task_id = g.task_id
            left join pm_project_info p on p.project_id = t.project_id
            left join pm_task_workload w on w.task_id = t.task_id
            where g.allot_type = '02'
              and t.task_type not in ('02','03')
              <if test="link.staffNum != null">
                and g.staff_num like CONCAT('%',#{link.staffNum,jdbcType=VARCHAR},'%')
              </if>

            UNION

            SELECT
              t.task_name as task_name,
              p.project_name as project_name,
              CONCAT(p.source_lan,' -> ',p.source_lan) as languageEn,
              t.task_type as task_type,
              t.work_load AS work_load,
              t.file_id as file_id,
              t.require_time as require_time,
              g.allot_type as allotType,
              '自动分配' as allotTypeZh,
              null as unit_price_ch,
              null AS work_load_ch,
              null as require_time_ch,
              null AS task_name_ch
            from pm_task_info t
            right join pm_grabsheet g on t.task_id = g.task_id
            left join pm_project_info p on p.project_id = t.project_id
            left join pm_task_workload w on w.task_id = t.task_id
            where g.allot_type = '01'
              and t.task_type not in ('02','03')
              <if test="link.skillLv != null">
                and g.choose_lv like CONCAT('%',#{link.skillLv,jdbcType=VARCHAR},'%')
              </if>
          ) trans
        ) a
        where 1=1
        <if test="link.taskTypes != null">
          and a.task_type in
          <foreach item="taskType" collection="link.taskTypes" index.html="index.html" open="(" close=")" separator=",">
            #{taskType}
          </foreach>
        </if>
        <if test="link.requireEndtimeS != null">
          and a.require_time <![CDATA[ >= ]]> #{link.requireEndtimeS,jdbcType=VARCHAR}
        </if>
        <if test="link.requireEndtimeE != null">
          and a.require_time <![CDATA[ <= ]]> #{link.requireEndtimeE,jdbcType=VARCHAR}
        </if>
        <if test="link.projectName != null">
          and a.project_name like CONCAT('%',#{link.projectName,jdbcType=VARCHAR},'%')
        </if>
        <if test="sort != null">
          order by ${sort}
            <if test="desc != null">
              ${desc}
            </if>
        </if>
        LIMIT ${start} , ${limit}
      </select>
      -->

    <!-- 统计查询未领取的任务 TODO -->
    <select id="selectPageTaskListByStatus" parameterType="com.sy.pangu.pm.utils.PageUtil"
            resultType="com.sy.pangu.pm.entity.vo.TaskInfoVo">
        select * from
        (
        select
        t.task_id as taskId,
        t.task_name as taskName,
        t.project_id as projectId,
        p.project_name as projectName,
        CONCAT(p.source_lan,' -> ',p.target_lan) as languageEn,
        t.task_type as taskType,
        t.work_load as workLoad,
        w.unit_price as unitPrice,
        t.require_time as requireTime,
        t.real_complet_time as realCompletTime,
        t.task_status as taskStatus,
        p.order_type as orderType,
        t.real_work_load as realWorkLoad,
        t.work_type as workType,
        t.upload_file_id as uploadFileId,
        f.file_name as fileName,
        f.file_id as fileId,
        t.remark as remark
        from pm_task_info t
        left join pm_project_info p on p.project_id = t.project_id
        left join pm_task_workload w on w.task_id = t.task_id
        left join pm_file f on f.file_id = t.file_id
        where 1 = 1
        <if test="link.staffNum != null">
            and t.staff_num = #{link.staffNum,jdbcType=VARCHAR}
        </if>
        <if test="link.taskStatusList != null">
            and t.task_status in
            <foreach item="taskStatus" collection="link.taskStatusList" index="index" open="(" close=")" separator=",">
                #{taskStatus}
            </foreach>
        </if>
        <if test="link.taskTypes != null">
            and t.task_type in
            <foreach item="taskTypeItem" collection="link.taskTypes" index="index" open="(" close=")" separator=",">
                #{taskTypeItem}
            </foreach>
        </if>
        ) a
        where 1=1
        <if test="link.requireEndtimeS != null">
            and a.requireTime <![CDATA[ >= ]]> #{link.requireEndtimeS,jdbcType=VARCHAR}
        </if>
        <if test="link.requireEndtimeE != null">
            and a.requireTime <![CDATA[ <= ]]> #{link.requireEndtimeE,jdbcType=VARCHAR}
        </if>
        <if test="link.projectName != null">
            and a.projectName like CONCAT('%',#{link.projectName,jdbcType=VARCHAR},'%')
        </if>
        <if test="sort != null">
            order by ${sort}
            <if test="desc != null">
                ${desc}
            </if>
        </if>
        LIMIT ${start} , ${limit}
    </select>

    <select id="selectCountTaskListByStatus" parameterType="com.sy.pangu.pm.utils.PageUtil" resultType="java.lang.Long">
        select count(*) from
        (
        select
        t.task_name as taskName,
        t.project_id as projectId,
        p.project_name as projectName,
        CONCAT(p.source_lan,' -> ',p.target_lan) as languageEn,
        t.task_type as taskType,
        t.work_load as workLoad,
        w.unit_price as unitPrice,
        t.require_time as requireTime,
        t.real_complet_time as realCompletTime,
        t.task_status as taskStatus,
        p.order_type as orderType,
        t.real_work_load as realWorkLoad,
        t.work_type as workType,
        t.upload_file_id as uploadFileId,
        f.file_name as fileName,
        t.remark as remark
        from pm_task_info t
        left join pm_project_info p on p.project_id = t.project_id
        left join pm_task_workload w on w.task_id = t.task_id
        left join pm_file f on f.file_id = t.file_id
        where 1 = 1
        <if test="link.staffNum != null">
            and t.staff_num = #{link.staffNum,jdbcType=VARCHAR}
        </if>
        <if test="link.taskStatusList != null">
            and t.task_status in
            <foreach item="taskStatus" collection="link.taskStatusList" index="index" open="(" close=")" separator=",">
                #{taskStatus}
            </foreach>
        </if>
        <if test="link.taskTypes != null">
            and t.task_type in
            <foreach item="taskTypeItem" collection="link.taskTypes" index="index" open="(" close=")" separator=",">
                #{taskTypeItem}
            </foreach>
        </if>
        ) a
        where 1=1
        <if test="link.requireEndtimeS != null">
            and a.requireTime <![CDATA[ >= ]]> #{link.requireEndtimeS,jdbcType=VARCHAR}
        </if>
        <if test="link.requireEndtimeE != null">
            and a.requireTime <![CDATA[ <= ]]> #{link.requireEndtimeE,jdbcType=VARCHAR}
        </if>
        <if test="link.projectName != null">
            and a.projectName like CONCAT('%',#{link.projectName,jdbcType=VARCHAR},'%')
        </if>
    </select>
    <!-- 项目转线下修改任务表把项目相关任务全部设置为删除状态  除开交付   -->
    <update id="updateTaskStatusByPID" parameterType="java.lang.String">
    update  pm_task_info
    set task_status = 99
    where  project_id = #{projectId} and task_type != '06'
  </update>
    <!-- 项目终止修改任务表把项目相关任务全部设置为终止状态  21 -->
    <update id="stopTaskByPId" parameterType="java.lang.String">
    update  pm_task_info
    set task_status = '21'
    where  project_id = #{projectId}
  </update>
    <!-- 文件终止修改任务表把文件相关任务全部设置为终止状态  21 -->
    <update id="stopTaskByFileId" parameterType="java.lang.String">
    update  pm_task_info
    set task_status = '21'
    where file_id = #{fileId}
  </update>
    <!-- 根据包ID字符串把任务设置为失效 99-->
    <update id="stopTaskByPackageIDlist" parameterType="java.lang.String">
    update  pm_task_info
    set task_status = '99'
    where task_package_id in('${packageIDList}')
    and task_status <![CDATA[ <> ]]> '99'
    </update>

    <!-- 根据taskId查询 -->
    <select id="selectByTaskId" parameterType="java.lang.String" resultMap="BaseResultMap">
        select
        <include refid="Base_Column_List"/>
        from pm_task_info t
        where t.task_id = #{taskId}
    </select>
    <select id="countTaskSpiltByPackage" parameterType="java.lang.String" resultType="java.lang.Integer">
       select
        count(*)
        FROM
        pm_task_info pmt
        LEFT JOIN pm_grabsheet pmg ON pmt.task_id = pmg.task_id
        WHERE
        pmt.task_package_id in ('${packageIDList}')
        AND pmt.task_status <![CDATA[ <> ]]> '99'

        and (pmt.staff_num<![CDATA[ <> ]]> ''or pmg.staff_num <![CDATA[ <> ]]> '')
    </select>

    <resultMap id="BaseResultMap_test" type="com.sy.pangu.pm.entity.vo.TaskInfoVo">
        <result column="task_name" jdbcType="VARCHAR" property="taskName"/>
        <result column="task_type" jdbcType="VARCHAR" property="taskType"/>
        <!--      <result column="require_time" jdbcType="VARCHAR" property="requireTime" />-->
        <result column="work_load" jdbcType="VARCHAR" property="workLoad"/>
        <!--      <result column="work_type" jdbcType="VARCHAR" property="workType" />-->
        <result column="file_id" jdbcType="VARCHAR" property="fileId"/>

        <collection property="taskInfos" ofType="com.sy.pangu.pm.entity.PmTaskInfo">
            <result column="task_name_ch" jdbcType="VARCHAR" property="taskName"/>
            <result column="work_load_ch" jdbcType="VARCHAR" property="workLoad"/>
        </collection>
    </resultMap>

    <select id="getTest" resultMap="BaseResultMap_test">
    SELECT
        t1.file_id,
        t1.task_type,
        t1.task_name,
        t1.total_work_load AS work_load
        ,
        t.work_load AS work_load_ch,
        t.task_name AS task_name_ch
    FROM
	( SELECT
			tt.file_id,
			tt.task_type,
			tt.task_name,
			sum( tt.work_load ) AS total_work_load
		FROM pm_task_info tt
		GROUP BY tt.file_id, tt.task_type ,tt.task_name) t1
	LEFT JOIN pm_task_info t ON t1.file_id = t.file_id
--     left join pm_task_info 2 on t2.file_id = t.file_id

  </select>
    <insert id="insertBatch" parameterType="java.util.ArrayList">
        insert into pm_task_info
        (file_id,task_id,task_type,task_status,work_type,task_name,project_id,distribution_time,currency_type,staff_num,task_package_id)
        values
        <foreach collection="list" separator="," item="item" index="index">
            (#{item.fileId},#{item.taskId},#{item.taskType},#{item.taskStatus},
            #{item.workType},#{item.taskName},#{item.projectId},#{item.distributionTime},#{item.currencyType},#{item.staffNum},
            #{item.taskPackageId})
        </foreach>
    </insert>


    <!-- 根据包id查询 任务列表-->
    <select id="getTaskStatusByPackage" parameterType="java.lang.String" resultMap="BaseResultMap">
        select
        <include refid="Base_Column_List"/>
        from pm_task_info
        where task_package_id = #{blockId}
        and task_status <![CDATA[ <> ]]> '99'
    </select>
   <!-- 根据包id集合查询 任务列表-->
    <select id="getTaskInfoListByPackageList" parameterType="map"  resultMap="BaseResultMap" >
        select
        <include refid="Base_Column_List"/>
        from pm_task_info
        where task_package_id in ('${packageIDList}')
        and  task_status <![CDATA[ <> ]]> #{taskStatus}
    </select>
    <select id="getTaskInfoList" parameterType="com.sy.pangu.pm.entity.PmTaskInfo" resultMap="BaseResultMap">
        select
        <include refid="Base_Column_List"/>
        from pm_task_info
        <where>
            <if test="projectId != null">
                project_id = #{projectId,jdbcType=VARCHAR}
            </if>
            <if test="taskId != null">
                and task_id = #{taskId,jdbcType=VARCHAR}
            </if>
            <if test="taskPackageId != null">
                and task_package_id = #{taskPackageId,jdbcType=VARCHAR}
            </if>
            <if test="taskName != null">
                and task_name = #{taskName,jdbcType=VARCHAR}
            </if>
            <if test="taskType != null">
                and task_type = #{taskType,jdbcType=VARCHAR}
            </if>
            <if test="taskStatus != null">
                and task_status = #{taskStatus,jdbcType=VARCHAR}
            </if>
            <if test="staffNum != null">
                and staff_num = #{staffNum,jdbcType=VARCHAR}
            </if>
            <if test="startTime != null">
                and start_time = #{startTime,jdbcType=VARCHAR}
            </if>
            <if test="requireTime != null">
                and require_time = #{requireTime,jdbcType=VARCHAR}
            </if>
            <if test="realCompletTime != null">
                and real_complet_time = #{realCompletTime,jdbcType=VARCHAR}
            </if>
            <if test="distributionTime != null">
                and distribution_time = #{distributionTime,jdbcType=VARCHAR}
            </if>
            <if test="remark != null">
                and remark = #{remark,jdbcType=VARCHAR}
            </if>
            <if test="workLoad != null">
                and work_load = #{workLoad,jdbcType=VARCHAR}
            </if>
            <if test="realWorkLoad != null">
                and real_work_load = #{realWorkLoad,jdbcType=VARCHAR}
            </if>
            <if test="isoverTime != null">
                and isover_time = #{isoverTime,jdbcType=VARCHAR}
            </if>
            <if test="workType != null">
                and work_type = #{workType,jdbcType=VARCHAR}
            </if>
            <if test="evaluate != null">
                and evaluate = #{evaluate,jdbcType=VARCHAR}
            </if>
            <if test="currencyType != null">
                and currency_type = #{currencyType,jdbcType=VARCHAR}
            </if>
            <if test="totalPrice != null">
                and total_price = #{totalPrice,jdbcType=VARCHAR}
            </if>
            <if test="fileId != null">
                and file_id = #{fileId,jdbcType=VARCHAR}
            </if>
            <if test="flowId != null">
                and flow_id = #{flowId,jdbcType=VARCHAR}
            </if>
            <if test="uploadFileId != null">
                and upload_file_id = #{uploadFileId,jdbcType=VARCHAR}
            </if>
        </where>


    </select>
    <update id="updateTaskStByFild" parameterType="java.lang.String">
          update  pm_task_info
           set task_status = '23'
          where  upload_file_id = #{fileId}
    </update>

    <update id="updateByTaskIdSelectiveForBatch" parameterType="com.sy.pangu.pm.entity.PmTaskInfo">
        <foreach collection="taskInfos" item="item" index="index" open="" close="" separator=";">
            update pm_task_info
            <set>
                <if test="projectId != null">
                    project_id = #{projectId,jdbcType=VARCHAR},
                </if>
                <if test="taskId != null">
                    task_id = #{taskId,jdbcType=VARCHAR},
                </if>
                <if test="taskPackageId != null">
                    task_package_id = #{taskPackageId,jdbcType=VARCHAR},
                </if>
                <if test="taskName != null">
                    task_name = #{taskName,jdbcType=VARCHAR},
                </if>
                <if test="taskType != null">
                    task_type = #{taskType,jdbcType=VARCHAR},
                </if>
                <if test="taskStatus != null">
                    task_status = #{taskStatus,jdbcType=VARCHAR},
                </if>
                <if test="staffNum != null">
                    staff_num = #{staffNum,jdbcType=VARCHAR},
                </if>
                <if test="startTime != null">
                    start_time = #{startTime,jdbcType=VARCHAR},
                </if>
                <if test="requireTime != null">
                    require_time = #{requireTime,jdbcType=VARCHAR},
                </if>
                <if test="realCompletTime != null">
                    real_complet_time = #{realCompletTime,jdbcType=VARCHAR},
                </if>
                <if test="distributionTime != null">
                    distribution_time = #{distributionTime,jdbcType=VARCHAR},
                </if>
                <if test="remark != null">
                    remark = #{remark,jdbcType=VARCHAR},
                </if>
                <if test="workLoad != null">
                    work_load = #{workLoad,jdbcType=VARCHAR},
                </if>
                <if test="realWorkLoad != null">
                    real_work_load = #{realWorkLoad,jdbcType=VARCHAR},
                </if>
                <if test="isoverTime != null">
                    isover_time = #{isoverTime,jdbcType=VARCHAR},
                </if>
                <if test="workType != null">
                    work_type = #{workType,jdbcType=VARCHAR},
                </if>
                <if test="evaluate != null">
                    evaluate = #{evaluate,jdbcType=VARCHAR},
                </if>
                <if test="currencyType != null">
                    currency_type = #{currencyType,jdbcType=VARCHAR},
                </if>
                <if test="totalPrice != null">
                    total_price = #{totalPrice,jdbcType=VARCHAR},
                </if>
                <if test="fileId != null">
                    file_id = #{fileId,jdbcType=VARCHAR},
                </if>
                <if test="flowId != null">
                    flow_id = #{flowId,jdbcType=VARCHAR},
                </if>
                <if test="uploadFileId != null">
                    upload_file_id = #{uploadFileId,jdbcType=VARCHAR},
                </if>
            </set>
            where task_id = #{taskId,jdbcType=VARCHAR}
        </foreach>
    </update>
<!--  <select id="">
    select
      count(*)
    FROM pm_task_info t
    RIGHT join pm_grabsheet g on t.task_id = g.task_id
    where t.staff_num = #{userCode}
  </select>-->
<!-- 根据staffnum统计翻译字数 -->
  <select id="sumTransWorkNum" parameterType="java.lang.String" resultType="java.lang.Long">
    SELECT
      sum( workLoad )
    FROM
    (
      SELECT
        CASE
        WHEN
          w.final_workload <![CDATA[ <> ]]> '' THEN w.final_workload
        ELSE t.real_work_load
        END workLoad
      FROM
          pm_task_info t
      LEFT JOIN pm_task_workload w ON t.task_id = w.task_id
      where
        t.staff_num = #{userCode}
	    and t.task_status in ('20','23','24')
    ) a
  </select>

<!--查询个人项目信息-->
  <select id="statisticsProjectOfTask" resultType="com.sy.pangu.pm.entity.PmProjectInfo" parameterType="com.sy.pangu.pm.entity.vo.UserTaskStatisticsVo">
    select
      DISTINCT
      p.project_id as projectId,
      p.delivery_time as deliveryTime,
      p.project_type as projectType
    from pm_task_info t
    left join pm_project_info p on t.project_id = t.project_id
    where
      t.staff_num = #{userCode}
      and t.task_status not in ('99','22','21')
  </select>
    <!-- 根据原文件id，获取任务与任务文件信息集合 -->
    <select id="getTaskinfoByFileid" parameterType="java.lang.String"
            resultType="com.sy.pangu.pm.model.TaskFileListModel">
                    SELECT
                pmf.file_id,
                pmf.file_name,
                pmf.file_type,
                pmf.projects_id,
                pmf.upload_suff,
                pmf.upload_time,
                pmt.task_id,
                pmt.task_name,
                pmt.task_type,
                pmt.staff_num,
                pmt.start_time,
                pmt.require_time,
                pmt.real_complet_time,
                pmt.distribution_time,
                pmt.remark,
                pmt.work_load,
                pmt.real_work_load,
                pmt.work_type,
                pmt.currency_type,
                pmt.flow_id,
                pmt.upload_file_id
                FROM
                pm_file pmf
                RIGHT JOIN pm_task_info pmt ON pmf.file_id = pmt.file_id
                WHERE
                pmt.file_id = #{fileId}
                AND pmt.task_status != '99'
                AND pmf.is_del = 0
                ORDER BY
                pmt.file_id
    </select>
    <!--根据原文件id，把文件下所有有效任务设置状态-->
    <update id="updateTaskStatusByTaskID" >
      update pm_task_info
       set task_status = #{status},
       real_complet_time =#{realCompletTime}
       where
       task_id = #{taskId}
       and task_status = '20'
    </update>
    <!--根据原文件id，把文件下所有有效任务设置状态-->
    <update id="updateTaskStatusByFileID" >
        update pm_task_info
       set task_status = #{status}
       where file_id = #{fileId}
       and task_status = '20'
    </update>
</mapper>