<?xml version="1.0" encoding="UTF-8"?>
<!DOCTYPE mapper PUBLIC "-//mybatis.org//DTD Mapper 3.0//EN" "http://mybatis.org/dtd/mybatis-3-mapper.dtd">
<mapper namespace="com.sy.pangu.pm.mapper.SysMatchingPmMapper">
  <resultMap id="BaseResultMap" type="com.sy.pangu.pm.entity.SysMatchingPm">
    <id column="id" jdbcType="INTEGER" property="id" />
    <result column="pm_code" jdbcType="VARCHAR" property="pmCode" />
    <result column="outer_code" jdbcType="VARCHAR" property="outerCode" />
    <result column="domain" jdbcType="VARCHAR" property="domain" />
  </resultMap>
  <sql id="Example_Where_Clause">
    <where>
      <foreach collection="oredCriteria" item="criteria" separator="or">
        <if test="criteria.valid">
          <trim prefix="(" prefixOverrides="and" suffix=")">
            <foreach collection="criteria.criteria" item="criterion">
              <choose>
                <when test="criterion.noValue">
                  and ${criterion.condition}
                </when>
                <when test="criterion.singleValue">
                  and ${criterion.condition} #{criterion.value}
                </when>
                <when test="criterion.betweenValue">
                  and ${criterion.condition} #{criterion.value} and #{criterion.secondValue}
                </when>
                <when test="criterion.listValue">
                  and ${criterion.condition}
                  <foreach close=")" collection="criterion.value" item="listItem" open="(" separator=",">
                    #{listItem}
                  </foreach>
                </when>
              </choose>
            </foreach>
          </trim>
        </if>
      </foreach>
    </where>
  </sql>
  <sql id="Update_By_Example_Where_Clause">
    <where>
      <foreach collection="example.oredCriteria" item="criteria" separator="or">
        <if test="criteria.valid">
          <trim prefix="(" prefixOverrides="and" suffix=")">
            <foreach collection="criteria.criteria" item="criterion">
              <choose>
                <when test="criterion.noValue">
                  and ${criterion.condition}
                </when>
                <when test="criterion.singleValue">
                  and ${criterion.condition} #{criterion.value}
                </when>
                <when test="criterion.betweenValue">
                  and ${criterion.condition} #{criterion.value} and #{criterion.secondValue}
                </when>
                <when test="criterion.listValue">
                  and ${criterion.condition}
                  <foreach close=")" collection="criterion.value" item="listItem" open="(" separator=",">
                    #{listItem}
                  </foreach>
                </when>
              </choose>
            </foreach>
          </trim>
        </if>
      </foreach>
    </where>
  </sql>
  <sql id="Base_Column_List">
    id, pm_code, outer_code, domain
  </sql>
  <select id="selectByExample" parameterType="com.sy.pangu.pm.entity.example.SysMatchingPmExample" resultMap="BaseResultMap">
    select
    <if test="distinct">
      distinct
    </if>
    <include refid="Base_Column_List" />
    from sys_matching_pm
    <if test="_parameter != null">
      <include refid="Example_Where_Clause" />
    </if>
    <if test="orderByClause != null">
      order by ${orderByClause}
    </if>
  </select>
  <select id="selectByPrimaryKey" parameterType="java.lang.Integer" resultMap="BaseResultMap">
    select 
    <include refid="Base_Column_List" />
    from sys_matching_pm
    where id = #{id,jdbcType=INTEGER}
  </select>
  <delete id="deleteByPrimaryKey" parameterType="java.lang.Integer">
    delete from sys_matching_pm
    where id = #{id,jdbcType=INTEGER}
  </delete>
  <delete id="deleteByExample" parameterType="com.sy.pangu.pm.entity.example.SysMatchingPmExample">
    delete from sys_matching_pm
    <if test="_parameter != null">
      <include refid="Example_Where_Clause" />
    </if>
  </delete>
  <insert id="insert" parameterType="com.sy.pangu.pm.entity.SysMatchingPm">
    insert into sys_matching_pm (id, pm_code, outer_code, 
      domain)
    values (#{id,jdbcType=INTEGER}, #{pmCode,jdbcType=VARCHAR}, #{outerCode,jdbcType=VARCHAR}, 
      #{domain,jdbcType=VARCHAR})
  </insert>
  <insert id="insertSelective" parameterType="com.sy.pangu.pm.entity.SysMatchingPm">
    insert into sys_matching_pm
    <trim prefix="(" suffix=")" suffixOverrides=",">
      <if test="id != null">
        id,
      </if>
      <if test="pmCode != null">
        pm_code,
      </if>
      <if test="outerCode != null">
        outer_code,
      </if>
      <if test="domain != null">
        domain,
      </if>
    </trim>
    <trim prefix="values (" suffix=")" suffixOverrides=",">
      <if test="id != null">
        #{id,jdbcType=INTEGER},
      </if>
      <if test="pmCode != null">
        #{pmCode,jdbcType=VARCHAR},
      </if>
      <if test="outerCode != null">
        #{outerCode,jdbcType=VARCHAR},
      </if>
      <if test="domain != null">
        #{domain,jdbcType=VARCHAR},
      </if>
    </trim>
  </insert>
  <select id="countByExample" parameterType="com.sy.pangu.pm.entity.example.SysMatchingPmExample" resultType="java.lang.Long">
    select count(*) from sys_matching_pm
    <if test="_parameter != null">
      <include refid="Example_Where_Clause" />
    </if>
  </select>
  <update id="updateByExampleSelective" parameterType="map">
    update sys_matching_pm
    <set>
      <if test="record.id != null">
        id = #{record.id,jdbcType=INTEGER},
      </if>
      <if test="record.pmCode != null">
        pm_code = #{record.pmCode,jdbcType=VARCHAR},
      </if>
      <if test="record.outerCode != null">
        outer_code = #{record.outerCode,jdbcType=VARCHAR},
      </if>
      <if test="record.domain != null">
        domain = #{record.domain,jdbcType=VARCHAR},
      </if>
    </set>
    <if test="_parameter != null">
      <include refid="Update_By_Example_Where_Clause" />
    </if>
  </update>
  <update id="updateByExample" parameterType="map">
    update sys_matching_pm
    set id = #{record.id,jdbcType=INTEGER},
      pm_code = #{record.pmCode,jdbcType=VARCHAR},
      outer_code = #{record.outerCode,jdbcType=VARCHAR},
      domain = #{record.domain,jdbcType=VARCHAR}
    <if test="_parameter != null">
      <include refid="Update_By_Example_Where_Clause" />
    </if>
  </update>
  <update id="updateByPrimaryKeySelective" parameterType="com.sy.pangu.pm.entity.SysMatchingPm">
    update sys_matching_pm
    <set>
      <if test="pmCode != null">
        pm_code = #{pmCode,jdbcType=VARCHAR},
      </if>
      <if test="outerCode != null">
        outer_code = #{outerCode,jdbcType=VARCHAR},
      </if>
      <if test="domain != null">
        domain = #{domain,jdbcType=VARCHAR},
      </if>
    </set>
    where id = #{id,jdbcType=INTEGER}
  </update>
  <update id="updateByPrimaryKey" parameterType="com.sy.pangu.pm.entity.SysMatchingPm">
    update sys_matching_pm
    set pm_code = #{pmCode,jdbcType=VARCHAR},
      outer_code = #{outerCode,jdbcType=VARCHAR},
      domain = #{domain,jdbcType=VARCHAR}
    where id = #{id,jdbcType=INTEGER}
  </update>
  <select id="selectByPage" parameterType="com.sy.pangu.pm.utils.PageUtil" resultType="com.sy.pangu.pm.entity.SysMatchingPm">
    select
    id, pm_code as pmCode, outer_code as outerCode, domain
    from sys_matching_pm
    <where>
    <if test="link.domain != null">
      source_language='${link.domain}'
    </if>
    </where>
    <if test="sort != null">
      order by ${sort}
      <if test="desc != null">
        ${desc}
      </if>
    </if>
    limit ${page}, ${limit}
  </select>
</mapper>