<?xml version="1.0" encoding="UTF-8"?>
<!DOCTYPE mapper PUBLIC "-//mybatis.org//DTD Mapper 3.0//EN" "http://mybatis.org/dtd/mybatis-3-mapper.dtd">
<mapper namespace="com.sy.pangu.pm.mapper.SysStaffLvlMapper">
  <resultMap id="BaseResultMap" type="com.sy.pangu.pm.entity.SysStaffLvl">
    <result column="lvl_num" jdbcType="INTEGER" property="lvlNum" />
    <result column="lvl_name" jdbcType="VARCHAR" property="lvlName" />
    <result column="lvl_type" jdbcType="VARCHAR" property="lvlType" />
    <result column="task_type" jdbcType="VARCHAR" property="taskType" />
  </resultMap>
  <sql id="Example_Where_Clause">
    <where>
      <foreach collection="oredCriteria" item="criteria" separator="or">
        <if test="criteria.valid">
          <trim prefix="(" prefixOverrides="and" suffix=")">
            <foreach collection="criteria.criteria" item="criterion">
              <choose>
                <when test="criterion.noValue">
                  and ${criterion.condition}
                </when>
                <when test="criterion.singleValue">
                  and ${criterion.condition} #{criterion.value}
                </when>
                <when test="criterion.betweenValue">
                  and ${criterion.condition} #{criterion.value} and #{criterion.secondValue}
                </when>
                <when test="criterion.listValue">
                  and ${criterion.condition}
                  <foreach close=")" collection="criterion.value" item="listItem" open="(" separator=",">
                    #{listItem}
                  </foreach>
                </when>
              </choose>
            </foreach>
          </trim>
        </if>
      </foreach>
    </where>
  </sql>
  <sql id="Update_By_Example_Where_Clause">
    <where>
      <foreach collection="example.oredCriteria" item="criteria" separator="or">
        <if test="criteria.valid">
          <trim prefix="(" prefixOverrides="and" suffix=")">
            <foreach collection="criteria.criteria" item="criterion">
              <choose>
                <when test="criterion.noValue">
                  and ${criterion.condition}
                </when>
                <when test="criterion.singleValue">
                  and ${criterion.condition} #{criterion.value}
                </when>
                <when test="criterion.betweenValue">
                  and ${criterion.condition} #{criterion.value} and #{criterion.secondValue}
                </when>
                <when test="criterion.listValue">
                  and ${criterion.condition}
                  <foreach close=")" collection="criterion.value" item="listItem" open="(" separator=",">
                    #{listItem}
                  </foreach>
                </when>
              </choose>
            </foreach>
          </trim>
        </if>
      </foreach>
    </where>
  </sql>
  <sql id="Base_Column_List">
    lvl_num, lvl_name, lvl_type, task_type
  </sql>
  <select id="selectByExample" parameterType="com.sy.pangu.pm.entity.example.SysStaffLvlExample" resultMap="BaseResultMap">
    select
    <if test="distinct">
      distinct
    </if>
    <include refid="Base_Column_List" />
    from sys_staff_lvl
    <if test="_parameter != null">
      <include refid="Example_Where_Clause" />
    </if>
    <if test="orderByClause != null">
      order by ${orderByClause}
    </if>
  </select>
  <delete id="deleteByExample" parameterType="com.sy.pangu.pm.entity.example.SysStaffLvlExample">
    delete from sys_staff_lvl
    <if test="_parameter != null">
      <include refid="Example_Where_Clause" />
    </if>
  </delete>
  <insert id="insert" parameterType="com.sy.pangu.pm.entity.SysStaffLvl">
    insert into sys_staff_lvl (lvl_num, lvl_name, lvl_type, 
      task_type)
    values (#{lvlNum,jdbcType=INTEGER}, #{lvlName,jdbcType=VARCHAR}, #{lvlType,jdbcType=VARCHAR}, 
      #{taskType,jdbcType=VARCHAR})
  </insert>
  <insert id="insertSelective" parameterType="com.sy.pangu.pm.entity.SysStaffLvl">
    insert into sys_staff_lvl
    <trim prefix="(" suffix=")" suffixOverrides=",">
      <if test="lvlNum != null">
        lvl_num,
      </if>
      <if test="lvlName != null">
        lvl_name,
      </if>
      <if test="lvlType != null">
        lvl_type,
      </if>
      <if test="taskType != null">
        task_type,
      </if>
    </trim>
    <trim prefix="values (" suffix=")" suffixOverrides=",">
      <if test="lvlNum != null">
        #{lvlNum,jdbcType=INTEGER},
      </if>
      <if test="lvlName != null">
        #{lvlName,jdbcType=VARCHAR},
      </if>
      <if test="lvlType != null">
        #{lvlType,jdbcType=VARCHAR},
      </if>
      <if test="taskType != null">
        #{taskType,jdbcType=VARCHAR},
      </if>
    </trim>
  </insert>
  <select id="countByExample" parameterType="com.sy.pangu.pm.entity.example.SysStaffLvlExample" resultType="java.lang.Long">
    select count(*) from sys_staff_lvl
    <if test="_parameter != null">
      <include refid="Example_Where_Clause" />
    </if>
  </select>
  <update id="updateByExampleSelective" parameterType="map">
    update sys_staff_lvl
    <set>
      <if test="record.lvlNum != null">
        lvl_num = #{record.lvlNum,jdbcType=INTEGER},
      </if>
      <if test="record.lvlName != null">
        lvl_name = #{record.lvlName,jdbcType=VARCHAR},
      </if>
      <if test="record.lvlType != null">
        lvl_type = #{record.lvlType,jdbcType=VARCHAR},
      </if>
      <if test="record.taskType != null">
        task_type = #{record.taskType,jdbcType=VARCHAR},
      </if>
    </set>
    <if test="_parameter != null">
      <include refid="Update_By_Example_Where_Clause" />
    </if>
  </update>
  <update id="updateByExample" parameterType="map">
    update sys_staff_lvl
    set lvl_num = #{record.lvlNum,jdbcType=INTEGER},
      lvl_name = #{record.lvlName,jdbcType=VARCHAR},
      lvl_type = #{record.lvlType,jdbcType=VARCHAR},
      task_type = #{record.taskType,jdbcType=VARCHAR}
    <if test="_parameter != null">
      <include refid="Update_By_Example_Where_Clause" />
    </if>
  </update>
  <select id="selectTypeCount" parameterType="com.sy.pangu.pm.entity.SysStaffLvl" resultType="java.lang.Integer">
    select count(*)
    from sys_staff_lvl
    where
     lvl_type = #{lvlType,jdbcType=VARCHAR} and
     task_type = #{taskType,jdbcType=VARCHAR}
  </select>
  <update id="updateLvlNum" parameterType="com.sy.pangu.pm.entity.SysStaffLvl">
    update sys_staff_lvl
    set lvl_num=lvl_num-1
    where
     lvl_type = #{lvlType,jdbcType=VARCHAR} and
     task_type = #{taskType,jdbcType=VARCHAR} and
     lvl_num>#{lvlNum,jdbcType=INTEGER}
  </update>
</mapper>