<?xml version="1.0" encoding="UTF-8"?>
<!DOCTYPE mapper PUBLIC "-//mybatis.org//DTD Mapper 3.0//EN" "http://mybatis.org/dtd/mybatis-3-mapper.dtd">
<mapper namespace="com.sy.pangu.pm.mapper.SysTransmanagerInfoMapper">
  <resultMap id="BaseResultMap" type="com.sy.pangu.pm.entity.SysTransmanagerInfo">
    <id column="id" jdbcType="INTEGER" property="id" />
    <result column="source_language" jdbcType="VARCHAR" property="sourceLanguage" />
    <result column="target_language" jdbcType="VARCHAR" property="targetLanguage" />
    <result column="domain" jdbcType="VARCHAR" property="domain" />
    <result column="user_code" jdbcType="VARCHAR" property="userCode" />
  </resultMap>
  <sql id="Example_Where_Clause">
    <where>
      <foreach collection="oredCriteria" item="criteria" separator="or">
        <if test="criteria.valid">
          <trim prefix="(" prefixOverrides="and" suffix=")">
            <foreach collection="criteria.criteria" item="criterion">
              <choose>
                <when test="criterion.noValue">
                  and ${criterion.condition}
                </when>
                <when test="criterion.singleValue">
                  and ${criterion.condition} #{criterion.value}
                </when>
                <when test="criterion.betweenValue">
                  and ${criterion.condition} #{criterion.value} and #{criterion.secondValue}
                </when>
                <when test="criterion.listValue">
                  and ${criterion.condition}
                  <foreach close=")" collection="criterion.value" item="listItem" open="(" separator=",">
                    #{listItem}
                  </foreach>
                </when>
              </choose>
            </foreach>
          </trim>
        </if>
      </foreach>
    </where>
  </sql>
  <sql id="Update_By_Example_Where_Clause">
    <where>
      <foreach collection="example.oredCriteria" item="criteria" separator="or">
        <if test="criteria.valid">
          <trim prefix="(" prefixOverrides="and" suffix=")">
            <foreach collection="criteria.criteria" item="criterion">
              <choose>
                <when test="criterion.noValue">
                  and ${criterion.condition}
                </when>
                <when test="criterion.singleValue">
                  and ${criterion.condition} #{criterion.value}
                </when>
                <when test="criterion.betweenValue">
                  and ${criterion.condition} #{criterion.value} and #{criterion.secondValue}
                </when>
                <when test="criterion.listValue">
                  and ${criterion.condition}
                  <foreach close=")" collection="criterion.value" item="listItem" open="(" separator=",">
                    #{listItem}
                  </foreach>
                </when>
              </choose>
            </foreach>
          </trim>
        </if>
      </foreach>
    </where>
  </sql>
  <sql id="Base_Column_List">
    id, source_language, target_language, domain, user_code
  </sql>
  <select id="selectByExample" parameterType="com.sy.pangu.pm.entity.example.SysTransmanagerInfoExample" resultMap="BaseResultMap">
    select
    <if test="distinct">
      distinct
    </if>
    <include refid="Base_Column_List" />
    from sys_transmanager_info
    <if test="_parameter != null">
      <include refid="Example_Where_Clause" />
    </if>
    <if test="orderByClause != null">
      order by ${orderByClause}
    </if>
  </select>
  <select id="selectByPrimaryKey" parameterType="java.lang.Integer" resultMap="BaseResultMap">
    select 
    <include refid="Base_Column_List" />
    from sys_transmanager_info
    where id = #{id,jdbcType=INTEGER}
  </select>
  <delete id="deleteByPrimaryKey" parameterType="java.lang.Integer">
    delete from sys_transmanager_info
    where id = #{id,jdbcType=INTEGER}
  </delete>
  <delete id="deleteByExample" parameterType="com.sy.pangu.pm.entity.example.SysTransmanagerInfoExample">
    delete from sys_transmanager_info
    <if test="_parameter != null">
      <include refid="Example_Where_Clause" />
    </if>
  </delete>
  <insert id="insert" parameterType="com.sy.pangu.pm.entity.SysTransmanagerInfo">
    insert into sys_transmanager_info (id, source_language, target_language, 
      domain, user_code)
    values (#{id,jdbcType=INTEGER}, #{sourceLanguage,jdbcType=VARCHAR}, #{targetLanguage,jdbcType=VARCHAR}, 
      #{domain,jdbcType=VARCHAR}, #{userCode,jdbcType=VARCHAR})
  </insert>
  <insert id="insertSelective" parameterType="com.sy.pangu.pm.entity.SysTransmanagerInfo">
    insert into sys_transmanager_info
    <trim prefix="(" suffix=")" suffixOverrides=",">
      <if test="id != null">
        id,
      </if>
      <if test="sourceLanguage != null">
        source_language,
      </if>
      <if test="targetLanguage != null">
        target_language,
      </if>
      <if test="domain != null">
        domain,
      </if>
      <if test="userCode != null">
        user_code,
      </if>
    </trim>
    <trim prefix="values (" suffix=")" suffixOverrides=",">
      <if test="id != null">
        #{id,jdbcType=INTEGER},
      </if>
      <if test="sourceLanguage != null">
        #{sourceLanguage,jdbcType=VARCHAR},
      </if>
      <if test="targetLanguage != null">
        #{targetLanguage,jdbcType=VARCHAR},
      </if>
      <if test="domain != null">
        #{domain,jdbcType=VARCHAR},
      </if>
      <if test="userCode != null">
        #{userCode,jdbcType=VARCHAR},
      </if>
    </trim>
  </insert>
  <select id="countByExample" parameterType="com.sy.pangu.pm.entity.example.SysTransmanagerInfoExample" resultType="java.lang.Long">
    select count(*) from sys_transmanager_info
    <if test="_parameter != null">
      <include refid="Example_Where_Clause" />
    </if>
  </select>
  <update id="updateByExampleSelective" parameterType="map">
    update sys_transmanager_info
    <set>
      <if test="record.id != null">
        id = #{record.id,jdbcType=INTEGER},
      </if>
      <if test="record.sourceLanguage != null">
        source_language = #{record.sourceLanguage,jdbcType=VARCHAR},
      </if>
      <if test="record.targetLanguage != null">
        target_language = #{record.targetLanguage,jdbcType=VARCHAR},
      </if>
      <if test="record.domain != null">
        domain = #{record.domain,jdbcType=VARCHAR},
      </if>
      <if test="record.userCode != null">
        user_code = #{record.userCode,jdbcType=VARCHAR},
      </if>
    </set>
    <if test="_parameter != null">
      <include refid="Update_By_Example_Where_Clause" />
    </if>
  </update>
  <update id="updateByExample" parameterType="map">
    update sys_transmanager_info
    set id = #{record.id,jdbcType=INTEGER},
      source_language = #{record.sourceLanguage,jdbcType=VARCHAR},
      target_language = #{record.targetLanguage,jdbcType=VARCHAR},
      domain = #{record.domain,jdbcType=VARCHAR},
      user_code = #{record.userCode,jdbcType=VARCHAR}
    <if test="_parameter != null">
      <include refid="Update_By_Example_Where_Clause" />
    </if>
  </update>
  <update id="updateByPrimaryKeySelective" parameterType="com.sy.pangu.pm.entity.SysTransmanagerInfo">
    update sys_transmanager_info
    <set>
      <if test="sourceLanguage != null">
        source_language = #{sourceLanguage,jdbcType=VARCHAR},
      </if>
      <if test="targetLanguage != null">
        target_language = #{targetLanguage,jdbcType=VARCHAR},
      </if>
      <if test="domain != null">
        domain = #{domain,jdbcType=VARCHAR},
      </if>
      <if test="userCode != null">
        user_code = #{userCode,jdbcType=VARCHAR},
      </if>
    </set>
    where id = #{id,jdbcType=INTEGER}
  </update>
  <update id="updateByPrimaryKey" parameterType="com.sy.pangu.pm.entity.SysTransmanagerInfo">
    update sys_transmanager_info
    set source_language = #{sourceLanguage,jdbcType=VARCHAR},
      target_language = #{targetLanguage,jdbcType=VARCHAR},
      domain = #{domain,jdbcType=VARCHAR},
      user_code = #{userCode,jdbcType=VARCHAR}
    where id = #{id,jdbcType=INTEGER}
  </update>
  <select id="selectByPage" parameterType="com.sy.pangu.pm.utils.PageUtil" resultType="com.sy.pangu.pm.entity.SysTransmanagerInfo">
    select
    id, source_language as sourceLanguage, target_language as targetLanguage, domain, user_code as userCode
    from sys_transmanager_info
    <where>
    <if test="link.sourceLanguage != null">
      source_language=#{link.sourceLanguage}
    </if>
    <if test="link.targetLanguage != null">
      target_language=#{link.targetLanguage}
    </if>
    <if test="link.domain != null">
      domain=#{link.domain}
    </if>
    <if test="link.staffNum != null">
      user_code=#{link.staffNum}
    </if>
    </where>
    <if test="sort != null">
      order by ${sort}
      <if test="desc != null">
        ${desc}
      </if>
    </if>
    limit ${page}, ${limit}
  </select>

</mapper>