<?xml version="1.0" encoding="UTF-8"?>
<!DOCTYPE mapper PUBLIC "-//mybatis.org//DTD Mapper 3.0//EN" "http://mybatis.org/dtd/mybatis-3-mapper.dtd">
<mapper namespace="com.sy.pangu.pm.mapper.SysUnitPriceDtpMapper">
  <resultMap id="BaseResultMap" type="com.sy.pangu.pm.entity.SysUnitPriceDtp">
    <id column="id" jdbcType="INTEGER" property="id" />
    <result column="unit_price" jdbcType="DECIMAL" property="unitPrice" />
    <result column="unit" jdbcType="VARCHAR" property="unit" />
    <result column="handle_type" jdbcType="VARCHAR" property="handleType" />
    <result column="data_char1" jdbcType="VARCHAR" property="dataChar1" />
    <result column="data_char2" jdbcType="VARCHAR" property="dataChar2" />
  </resultMap>
  <sql id="Example_Where_Clause">
    <where>
      <foreach collection="oredCriteria" item="criteria" separator="or">
        <if test="criteria.valid">
          <trim prefix="(" prefixOverrides="and" suffix=")">
            <foreach collection="criteria.criteria" item="criterion">
              <choose>
                <when test="criterion.noValue">
                  and ${criterion.condition}
                </when>
                <when test="criterion.singleValue">
                  and ${criterion.condition} #{criterion.value}
                </when>
                <when test="criterion.betweenValue">
                  and ${criterion.condition} #{criterion.value} and #{criterion.secondValue}
                </when>
                <when test="criterion.listValue">
                  and ${criterion.condition}
                  <foreach close=")" collection="criterion.value" item="listItem" open="(" separator=",">
                    #{listItem}
                  </foreach>
                </when>
              </choose>
            </foreach>
          </trim>
        </if>
      </foreach>
    </where>
  </sql>
  <sql id="Update_By_Example_Where_Clause">
    <where>
      <foreach collection="example.oredCriteria" item="criteria" separator="or">
        <if test="criteria.valid">
          <trim prefix="(" prefixOverrides="and" suffix=")">
            <foreach collection="criteria.criteria" item="criterion">
              <choose>
                <when test="criterion.noValue">
                  and ${criterion.condition}
                </when>
                <when test="criterion.singleValue">
                  and ${criterion.condition} #{criterion.value}
                </when>
                <when test="criterion.betweenValue">
                  and ${criterion.condition} #{criterion.value} and #{criterion.secondValue}
                </when>
                <when test="criterion.listValue">
                  and ${criterion.condition}
                  <foreach close=")" collection="criterion.value" item="listItem" open="(" separator=",">
                    #{listItem}
                  </foreach>
                </when>
              </choose>
            </foreach>
          </trim>
        </if>
      </foreach>
    </where>
  </sql>
  <sql id="Base_Column_List">
    id, unit_price, unit, handle_type, data_char1, data_char2
  </sql>
  <select id="selectByExample" parameterType="com.sy.pangu.pm.entity.example.SysUnitPriceDtpExample" resultMap="BaseResultMap">
    select
    <if test="distinct">
      distinct
    </if>
    <include refid="Base_Column_List" />
    from sys_unit_price_dtp
    <if test="_parameter != null">
      <include refid="Example_Where_Clause" />
    </if>
    <if test="orderByClause != null">
      order by ${orderByClause}
    </if>
  </select>
  <select id="selectByPrimaryKey" parameterType="java.lang.Integer" resultMap="BaseResultMap">
    select 
    <include refid="Base_Column_List" />
    from sys_unit_price_dtp
    where id = #{id,jdbcType=INTEGER}
  </select>
  <delete id="deleteByPrimaryKey" parameterType="java.lang.Integer">
    delete from sys_unit_price_dtp
    where id = #{id,jdbcType=INTEGER}
  </delete>
  <delete id="deleteByExample" parameterType="com.sy.pangu.pm.entity.example.SysUnitPriceDtpExample">
    delete from sys_unit_price_dtp
    <if test="_parameter != null">
      <include refid="Example_Where_Clause" />
    </if>
  </delete>
  <insert id="insert" parameterType="com.sy.pangu.pm.entity.SysUnitPriceDtp">
    insert into sys_unit_price_dtp (id, unit_price, unit, 
      handle_type, data_char1, data_char2
      )
    values (#{id,jdbcType=INTEGER}, #{unitPrice,jdbcType=DECIMAL}, #{unit,jdbcType=VARCHAR}, 
      #{handleType,jdbcType=VARCHAR}, #{dataChar1,jdbcType=VARCHAR}, #{dataChar2,jdbcType=VARCHAR}
      )
  </insert>
  <insert id="insertSelective" parameterType="com.sy.pangu.pm.entity.SysUnitPriceDtp">
    insert into sys_unit_price_dtp
    <trim prefix="(" suffix=")" suffixOverrides=",">
      <if test="id != null">
        id,
      </if>
      <if test="unitPrice != null">
        unit_price,
      </if>
      <if test="unit != null">
        unit,
      </if>
      <if test="handleType != null">
        handle_type,
      </if>
      <if test="dataChar1 != null">
        data_char1,
      </if>
      <if test="dataChar2 != null">
        data_char2,
      </if>
    </trim>
    <trim prefix="values (" suffix=")" suffixOverrides=",">
      <if test="id != null">
        #{id,jdbcType=INTEGER},
      </if>
      <if test="unitPrice != null">
        #{unitPrice,jdbcType=DECIMAL},
      </if>
      <if test="unit != null">
        #{unit,jdbcType=VARCHAR},
      </if>
      <if test="handleType != null">
        #{handleType,jdbcType=VARCHAR},
      </if>
      <if test="dataChar1 != null">
        #{dataChar1,jdbcType=VARCHAR},
      </if>
      <if test="dataChar2 != null">
        #{dataChar2,jdbcType=VARCHAR},
      </if>
    </trim>
  </insert>
  <select id="countByExample" parameterType="com.sy.pangu.pm.entity.example.SysUnitPriceDtpExample" resultType="java.lang.Long">
    select count(*) from sys_unit_price_dtp
    <if test="_parameter != null">
      <include refid="Example_Where_Clause" />
    </if>
  </select>
  <update id="updateByExampleSelective" parameterType="map">
    update sys_unit_price_dtp
    <set>
      <if test="record.id != null">
        id = #{record.id,jdbcType=INTEGER},
      </if>
      <if test="record.unitPrice != null">
        unit_price = #{record.unitPrice,jdbcType=DECIMAL},
      </if>
      <if test="record.unit != null">
        unit = #{record.unit,jdbcType=VARCHAR},
      </if>
      <if test="record.handleType != null">
        handle_type = #{record.handleType,jdbcType=VARCHAR},
      </if>
      <if test="record.dataChar1 != null">
        data_char1 = #{record.dataChar1,jdbcType=VARCHAR},
      </if>
      <if test="record.dataChar2 != null">
        data_char2 = #{record.dataChar2,jdbcType=VARCHAR},
      </if>
    </set>
    <if test="_parameter != null">
      <include refid="Update_By_Example_Where_Clause" />
    </if>
  </update>
  <update id="updateByExample" parameterType="map">
    update sys_unit_price_dtp
    set id = #{record.id,jdbcType=INTEGER},
      unit_price = #{record.unitPrice,jdbcType=DECIMAL},
      unit = #{record.unit,jdbcType=VARCHAR},
      handle_type = #{record.handleType,jdbcType=VARCHAR},
      data_char1 = #{record.dataChar1,jdbcType=VARCHAR},
      data_char2 = #{record.dataChar2,jdbcType=VARCHAR}
    <if test="_parameter != null">
      <include refid="Update_By_Example_Where_Clause" />
    </if>
  </update>
  <update id="updateByPrimaryKeySelective" parameterType="com.sy.pangu.pm.entity.SysUnitPriceDtp">
    update sys_unit_price_dtp
    <set>
      <if test="unitPrice != null">
        unit_price = #{unitPrice,jdbcType=DECIMAL},
      </if>
      <if test="unit != null">
        unit = #{unit,jdbcType=VARCHAR},
      </if>
      <if test="handleType != null">
        handle_type = #{handleType,jdbcType=VARCHAR},
      </if>
      <if test="dataChar1 != null">
        data_char1 = #{dataChar1,jdbcType=VARCHAR},
      </if>
      <if test="dataChar2 != null">
        data_char2 = #{dataChar2,jdbcType=VARCHAR},
      </if>
    </set>
    where id = #{id,jdbcType=INTEGER}
  </update>
  <update id="updateByPrimaryKey" parameterType="com.sy.pangu.pm.entity.SysUnitPriceDtp">
    update sys_unit_price_dtp
    set unit_price = #{unitPrice,jdbcType=DECIMAL},
      unit = #{unit,jdbcType=VARCHAR},
      handle_type = #{handleType,jdbcType=VARCHAR},
      data_char1 = #{dataChar1,jdbcType=VARCHAR},
      data_char2 = #{dataChar2,jdbcType=VARCHAR}
    where id = #{id,jdbcType=INTEGER}
  </update>
  <select id="selectUnitByType" parameterType="java.lang.String" resultType="java.lang.String">
    select unit_price
    from sys_unit_price_dtp
    where handle_type like #{unitType,jdbcType=VARCHAR}
  </select>
</mapper>