<?xml version="1.0" encoding="UTF-8"?>
<!DOCTYPE mapper PUBLIC "-//mybatis.org//DTD Mapper 3.0//EN" "http://mybatis.org/dtd/mybatis-3-mapper.dtd">
<mapper namespace="com.sy.pangu.pm.mapper.SysUnitPriceTransMapper">
  <resultMap id="BaseResultMap" type="com.sy.pangu.pm.entity.SysUnitPriceTrans">
    <id column="id" jdbcType="INTEGER" property="id" />
    <result column="staff_type" jdbcType="VARCHAR" property="staffType" />
    <result column="level" jdbcType="VARCHAR" property="level" />
    <result column="source_lan" jdbcType="VARCHAR" property="sourceLan" />
    <result column="target_lan" jdbcType="VARCHAR" property="targetLan" />
    <result column="unit_price" jdbcType="DECIMAL" property="unitPrice" />
    <result column="task_type" jdbcType="VARCHAR" property="taskType" />
    <result column="work_type" jdbcType="VARCHAR" property="workType" />
    <result column="data_char1" jdbcType="VARCHAR" property="dataChar1" />
    <result column="data_char2" jdbcType="VARCHAR" property="dataChar2" />
  </resultMap>
  <sql id="Example_Where_Clause">
    <where>
      <foreach collection="oredCriteria" item="criteria" separator="or">
        <if test="criteria.valid">
          <trim prefix="(" prefixOverrides="and" suffix=")">
            <foreach collection="criteria.criteria" item="criterion">
              <choose>
                <when test="criterion.noValue">
                  and ${criterion.condition}
                </when>
                <when test="criterion.singleValue">
                  and ${criterion.condition} #{criterion.value}
                </when>
                <when test="criterion.betweenValue">
                  and ${criterion.condition} #{criterion.value} and #{criterion.secondValue}
                </when>
                <when test="criterion.listValue">
                  and ${criterion.condition}
                  <foreach close=")" collection="criterion.value" item="listItem" open="(" separator=",">
                    #{listItem}
                  </foreach>
                </when>
              </choose>
            </foreach>
          </trim>
        </if>
      </foreach>
    </where>
  </sql>
  <sql id="Update_By_Example_Where_Clause">
    <where>
      <foreach collection="example.oredCriteria" item="criteria" separator="or">
        <if test="criteria.valid">
          <trim prefix="(" prefixOverrides="and" suffix=")">
            <foreach collection="criteria.criteria" item="criterion">
              <choose>
                <when test="criterion.noValue">
                  and ${criterion.condition}
                </when>
                <when test="criterion.singleValue">
                  and ${criterion.condition} #{criterion.value}
                </when>
                <when test="criterion.betweenValue">
                  and ${criterion.condition} #{criterion.value} and #{criterion.secondValue}
                </when>
                <when test="criterion.listValue">
                  and ${criterion.condition}
                  <foreach close=")" collection="criterion.value" item="listItem" open="(" separator=",">
                    #{listItem}
                  </foreach>
                </when>
              </choose>
            </foreach>
          </trim>
        </if>
      </foreach>
    </where>
  </sql>
  <sql id="Base_Column_List">
    id, staff_type, level, source_lan, target_lan, unit_price, task_type, work_type, 
    data_char1, data_char2
  </sql>
  <select id="selectByExample" parameterType="com.sy.pangu.pm.entity.example.SysUnitPriceTransExample" resultMap="BaseResultMap">
    select
    <if test="distinct">
      distinct
    </if>
    <include refid="Base_Column_List" />
    from sys_unit_price_trans
    <if test="_parameter != null">
      <include refid="Example_Where_Clause" />
    </if>
    <if test="orderByClause != null">
      order by ${orderByClause}
    </if>
  </select>
  <select id="selectByPrimaryKey" parameterType="java.lang.Integer" resultMap="BaseResultMap">
    select 
    <include refid="Base_Column_List" />
    from sys_unit_price_trans
    where id = #{id,jdbcType=INTEGER}
  </select>
  <delete id="deleteByPrimaryKey" parameterType="java.lang.Integer">
    delete from sys_unit_price_trans
    where id = #{id,jdbcType=INTEGER}
  </delete>
  <delete id="deleteByExample" parameterType="com.sy.pangu.pm.entity.example.SysUnitPriceTransExample">
    delete from sys_unit_price_trans
    <if test="_parameter != null">
      <include refid="Example_Where_Clause" />
    </if>
  </delete>
  <insert id="insert" parameterType="com.sy.pangu.pm.entity.SysUnitPriceTrans">
    insert into sys_unit_price_trans (id, staff_type, level, 
      source_lan, target_lan, unit_price, 
      task_type, work_type, data_char1, 
      data_char2)
    values (#{id,jdbcType=INTEGER}, #{staffType,jdbcType=VARCHAR}, #{level,jdbcType=VARCHAR}, 
      #{sourceLan,jdbcType=VARCHAR}, #{targetLan,jdbcType=VARCHAR}, #{unitPrice,jdbcType=DECIMAL}, 
      #{taskType,jdbcType=VARCHAR}, #{workType,jdbcType=VARCHAR}, #{dataChar1,jdbcType=VARCHAR}, 
      #{dataChar2,jdbcType=VARCHAR})
  </insert>
  <insert id="insertSelective" parameterType="com.sy.pangu.pm.entity.SysUnitPriceTrans">
    insert into sys_unit_price_trans
    <trim prefix="(" suffix=")" suffixOverrides=",">
      <if test="id != null">
        id,
      </if>
      <if test="staffType != null">
        staff_type,
      </if>
      <if test="level != null">
        level,
      </if>
      <if test="sourceLan != null">
        source_lan,
      </if>
      <if test="targetLan != null">
        target_lan,
      </if>
      <if test="unitPrice != null">
        unit_price,
      </if>
      <if test="taskType != null">
        task_type,
      </if>
      <if test="workType != null">
        work_type,
      </if>
      <if test="dataChar1 != null">
        data_char1,
      </if>
      <if test="dataChar2 != null">
        data_char2,
      </if>
    </trim>
    <trim prefix="values (" suffix=")" suffixOverrides=",">
      <if test="id != null">
        #{id,jdbcType=INTEGER},
      </if>
      <if test="staffType != null">
        #{staffType,jdbcType=VARCHAR},
      </if>
      <if test="level != null">
        #{level,jdbcType=VARCHAR},
      </if>
      <if test="sourceLan != null">
        #{sourceLan,jdbcType=VARCHAR},
      </if>
      <if test="targetLan != null">
        #{targetLan,jdbcType=VARCHAR},
      </if>
      <if test="unitPrice != null">
        #{unitPrice,jdbcType=DECIMAL},
      </if>
      <if test="taskType != null">
        #{taskType,jdbcType=VARCHAR},
      </if>
      <if test="workType != null">
        #{workType,jdbcType=VARCHAR},
      </if>
      <if test="dataChar1 != null">
        #{dataChar1,jdbcType=VARCHAR},
      </if>
      <if test="dataChar2 != null">
        #{dataChar2,jdbcType=VARCHAR},
      </if>
    </trim>
  </insert>
  <select id="countByExample" parameterType="com.sy.pangu.pm.entity.example.SysUnitPriceTransExample" resultType="java.lang.Long">
    select count(*) from sys_unit_price_trans
    <if test="_parameter != null">
      <include refid="Example_Where_Clause" />
    </if>
  </select>
  <update id="updateByExampleSelective" parameterType="map">
    update sys_unit_price_trans
    <set>
      <if test="record.id != null">
        id = #{record.id,jdbcType=INTEGER},
      </if>
      <if test="record.staffType != null">
        staff_type = #{record.staffType,jdbcType=VARCHAR},
      </if>
      <if test="record.level != null">
        level = #{record.level,jdbcType=VARCHAR},
      </if>
      <if test="record.sourceLan != null">
        source_lan = #{record.sourceLan,jdbcType=VARCHAR},
      </if>
      <if test="record.targetLan != null">
        target_lan = #{record.targetLan,jdbcType=VARCHAR},
      </if>
      <if test="record.unitPrice != null">
        unit_price = #{record.unitPrice,jdbcType=DECIMAL},
      </if>
      <if test="record.taskType != null">
        task_type = #{record.taskType,jdbcType=VARCHAR},
      </if>
      <if test="record.workType != null">
        work_type = #{record.workType,jdbcType=VARCHAR},
      </if>
      <if test="record.dataChar1 != null">
        data_char1 = #{record.dataChar1,jdbcType=VARCHAR},
      </if>
      <if test="record.dataChar2 != null">
        data_char2 = #{record.dataChar2,jdbcType=VARCHAR},
      </if>
    </set>
    <if test="_parameter != null">
      <include refid="Update_By_Example_Where_Clause" />
    </if>
  </update>
  <update id="updateByExample" parameterType="map">
    update sys_unit_price_trans
    set id = #{record.id,jdbcType=INTEGER},
      staff_type = #{record.staffType,jdbcType=VARCHAR},
      level = #{record.level,jdbcType=VARCHAR},
      source_lan = #{record.sourceLan,jdbcType=VARCHAR},
      target_lan = #{record.targetLan,jdbcType=VARCHAR},
      unit_price = #{record.unitPrice,jdbcType=DECIMAL},
      task_type = #{record.taskType,jdbcType=VARCHAR},
      work_type = #{record.workType,jdbcType=VARCHAR},
      data_char1 = #{record.dataChar1,jdbcType=VARCHAR},
      data_char2 = #{record.dataChar2,jdbcType=VARCHAR}
    <if test="_parameter != null">
      <include refid="Update_By_Example_Where_Clause" />
    </if>
  </update>
  <update id="updateByPrimaryKeySelective" parameterType="com.sy.pangu.pm.entity.SysUnitPriceTrans">
    update sys_unit_price_trans
    <set>
      <if test="staffType != null">
        staff_type = #{staffType,jdbcType=VARCHAR},
      </if>
      <if test="level != null">
        level = #{level,jdbcType=VARCHAR},
      </if>
      <if test="sourceLan != null">
        source_lan = #{sourceLan,jdbcType=VARCHAR},
      </if>
      <if test="targetLan != null">
        target_lan = #{targetLan,jdbcType=VARCHAR},
      </if>
      <if test="unitPrice != null">
        unit_price = #{unitPrice,jdbcType=DECIMAL},
      </if>
      <if test="taskType != null">
        task_type = #{taskType,jdbcType=VARCHAR},
      </if>
      <if test="workType != null">
        work_type = #{workType,jdbcType=VARCHAR},
      </if>
      <if test="dataChar1 != null">
        data_char1 = #{dataChar1,jdbcType=VARCHAR},
      </if>
      <if test="dataChar2 != null">
        data_char2 = #{dataChar2,jdbcType=VARCHAR},
      </if>
    </set>
    where id = #{id,jdbcType=INTEGER}
  </update>
  <update id="updateByPrimaryKey" parameterType="com.sy.pangu.pm.entity.SysUnitPriceTrans">
    update sys_unit_price_trans
    set staff_type = #{staffType,jdbcType=VARCHAR},
      level = #{level,jdbcType=VARCHAR},
      source_lan = #{sourceLan,jdbcType=VARCHAR},
      target_lan = #{targetLan,jdbcType=VARCHAR},
      unit_price = #{unitPrice,jdbcType=DECIMAL},
      task_type = #{taskType,jdbcType=VARCHAR},
      work_type = #{workType,jdbcType=VARCHAR},
      data_char1 = #{dataChar1,jdbcType=VARCHAR},
      data_char2 = #{dataChar2,jdbcType=VARCHAR}
    where id = #{id,jdbcType=INTEGER}
  </update>
</mapper>